num,id,created_at,tag,username,likes,platform,body
0,471681465,2022-07-14T13:26:31Z,NULL,Billionaireclubcollc,0,Web,Will Ethereum ever surpass Bit...
1,471680842,2022-07-14T13:24:15Z,Bullish,John88888888,0,iOS,"$ETH.X mount gox people, when ..."
2,471680313,2022-07-14T13:22:09Z,NULL,CrzyChris5,0,,$BTC.X $ETH.X Just a quick tho...
3,471679253,2022-07-14T13:17:59Z,NULL,STCKPRO,0,STCK.PRO,$ETH.X NEW ARTICLE : Will Ethe...
4,471678042,2022-07-14T13:13:29Z,NULL,Billionaireclubcollc,0,Web,Bitcoin‚Äôs Production Cost Esti...
5,471677828,2022-07-14T13:12:33Z,NULL,Crypto_Trapper,1,iOS,$ETH.X Keep loading the boat...
6,471677653,2022-07-14T13:11:51Z,NULL,CrzyChris5,1,,$BTC.X $ETH.X Amazing how pric...
7,471676170,2022-07-14T13:05:58Z,Bullish,Crypto_Trapper,0,iOS,$ETH.X I feel bad for people w...
8,471676052,2022-07-14T13:05:31Z,NULL,Crypto_Trapper,1,iOS,$ETH.X she is working her way ...
9,471675344,2022-07-14T13:02:17Z,Bullish,AJRBR,0,Web,$ETH.X  lokk this $FIRO.X...
10,471674593,2022-07-14T12:59:24Z,NULL,e_x_p_i_r_e,3,Web,$ETH.X $BTC.X $SPY $QQQ brutal...
11,471672675,2022-07-14T12:49:14Z,Bearish,Automaton_Type_2b,0,,$ETH.X It rises 5% and the ete...
12,471671950,2022-07-14T12:45:17Z,NULL,FidelCashflow1,1,iOS,$AAPL $SPY $QQQ $BTC.X $ETH.X ...
13,471671347,2022-07-14T12:42:29Z,Bullish,Lionseer,2,iOS,$SOS people talk about Texas a...
14,471670508,2022-07-14T12:38:31Z,Bullish,CanIGetABreak,1,,"$ETH.X Common Ethereum, drop a..."
15,471667457,2022-07-14T12:24:54Z,Bullish,cloudcoin,0,iOS,$BTC.X $HUT $HIVE $ETH.X $XMR....
16,471667025,2022-07-14T12:22:29Z,NULL,STCKPRO,0,STCK.PRO,$ETH.X NEW ARTICLE : GameStop ...
17,471665403,2022-07-14T12:13:02Z,Bearish,Honeycombz11,1,Web,$ETH.X Stop screwing around pl...
18,471665192,2022-07-14T12:11:47Z,Bullish,PeaCy____,1,,"$ETH.X FCK it 6 more here.
Thx..."
19,471665078,2022-07-14T12:11:03Z,Bearish,Pitbullbearista,0,iOS,$ETH.X bump and big dump...
20,471664316,2022-07-14T12:06:32Z,Bullish,marketp,8,iOS,$SHIB.X $BTC.X $ETH.X major co...
21,471662544,2022-07-14T11:57:43Z,NULL,Billionaireclubcollc,0,Web,"Ukraine Confines Cash, Silver ..."
22,471662324,2022-07-14T11:56:14Z,NULL,Billionaireclubcollc,0,Web,Cryptocurrency Exchange OKX Aw...
23,471661843,2022-07-14T11:52:29Z,NULL,WarHammerCapital,1,iOS,"$JPM pauses share buybacks, $E..."
24,471661415,2022-07-14T11:49:37Z,Bearish,Pitbullbearista,0,iOS,$ETH.X ü§ï üò≠...
25,471660534,2022-07-14T11:43:12Z,NULL,Billionaireclubcollc,0,Web,"Bexplus Exchange Announces $5,..."
26,471657680,2022-07-14T11:23:23Z,Bearish,jmoney091,2,iOS,$ETH.X $BTC.X not looking good...
27,471657097,2022-07-14T11:18:31Z,NULL,Tristanvdb,0,iOS,"$XRP.X $BTC.X $ETH.X $XRP.X 

..."
28,471657034,2022-07-14T11:17:58Z,NULL,Tristanvdb,1,iOS,$QNT.X $BTC.X $ETH.X $XRP.X...
29,471656140,2022-07-14T11:09:54Z,NULL,Billionaireclubcollc,2,Web,Bitcoin of America‚Äôs Customer ...
30,471654111,2022-07-14T10:51:23Z,NULL,Billionaireclubcollc,0,Web,Dogecoin Maker Calls Bankrupt ...
31,471653004,2022-07-14T10:36:06Z,Bullish,DeFi_Wookie,1,iOS,$ETH.X A huge drop in supply (...
32,471652208,2022-07-14T10:23:34Z,NULL,Billionaireclubcollc,0,Web,Bitcoin‚Äôs 50% Decline in Produ...
33,471651768,2022-07-14T10:15:41Z,NULL,GreenOriginInvestment,0,Web,$RDBX $ETH.X $SIGA you guys wi...
34,471651430,2022-07-14T10:11:22Z,Bullish,ApTogStr,0,iOS,$ETH.X when $10k?...
35,471651029,2022-07-14T10:05:39Z,NULL,STCKPRO,0,STCK.PRO,$ETH.X NEW ARTICLE : Upcoming ...
36,471650970,2022-07-14T10:05:03Z,NULL,Billionaireclubcollc,0,Web,South African exchanges welcom...
37,471650611,2022-07-14T10:00:58Z,NULL,Billionaireclubcollc,2,Web,Shiba Inu Makes ‚ÄòHuge Addition...
38,471650439,2022-07-14T09:58:15Z,Bullish,leonleonleon,1,Web,$UBT.X . With $ETH.X flirting ...
39,471650422,2022-07-14T09:57:55Z,NULL,Billionaireclubcollc,1,Web,Tencent shuts down NFT platfor...
40,471650274,2022-07-14T09:55:02Z,NULL,Decrypt,0,Zapier,$ETH.X Ethereum Mining Pools W...
41,471649899,2022-07-14T09:47:14Z,Bullish,LonelyWithoutPluto,3,iOS,$GBTC $BTC.X $ETH.X Bitcoin bu...
42,471648933,2022-07-14T09:26:45Z,NULL,Tristanvdb,3,iOS,$QNT.X $BTC.X $ETH.X $XRP.X...
43,471648246,2022-07-14T09:10:54Z,Bullish,200ProcentTetna,2,,$BTC.X $QQQ $SPY $ETH.X...
44,471647716,2022-07-14T08:57:01Z,Bearish,rumneychel,4,iOS,"$SPY  $BTC.X $ETH.X 

You take..."
45,471647707,2022-07-14T08:56:43Z,NULL,Crypto_Trapper,1,iOS,$ETH.X wtf happened...
46,471647598,2022-07-14T08:54:11Z,NULL,adamj21,4,,"$BTC.X $ETH.X , $ADA.X - USD r..."
47,471647525,2022-07-14T08:51:29Z,Bullish,BullnBearTrading,0,Web,"$BTC.X $ETH.X  
This key use c..."
48,471646736,2022-07-14T08:30:16Z,Bearish,rumneychel,2,iOS,$ETH.X  $BTC.X ü§≠...
49,471646395,2022-07-14T08:20:50Z,Bearish,Adamchurch,5,,$ETH.X Fuck it i sold it all...
50,471645616,2022-07-14T08:00:01Z,NULL,Cryptonomia,0,feed,$ETH.X Bullish MACD CrossOver ...
51,471645471,2022-07-14T07:55:35Z,Bearish,Profit_Maker,0,Web,"One of my fav websites, what a..."
52,471644957,2022-07-14T07:39:10Z,NULL,STCKPRO,1,STCK.PRO,$ETH.X NEW ARTICLE : Ethereum ...
53,471644939,2022-07-14T07:38:34Z,NULL,inthewakeofthe,7,iOS,$ETH.X $BTC.X  $AAVE.X $MATIC....
54,471644835,2022-07-14T07:35:10Z,NULL,Tristanvdb,1,iOS,"$QNT.X 

100 $ today

$XRP.X $..."
55,471644519,2022-07-14T07:23:32Z,NULL,saltheturtle143,0,,$COIN $BTC.X $ETH.X  coinbase ...
56,471643902,2022-07-14T07:04:33Z,NULL,TalkMarkets,1,TalkMarkets,#Bitcoin Technical Analysis #E...
57,471643804,2022-07-14T07:01:34Z,NULL,GreenOriginInvestment,0,Web,$spy many of you know this alr...
58,471642668,2022-07-14T06:27:34Z,Bullish,AtariFan,1,Web,$PONGF good morning Atarians. ...
59,471642545,2022-07-14T06:24:17Z,Bullish,BlueSkiesTrader,0,,$ETH.X Bottom???...
60,471641382,2022-07-14T05:52:08Z,NULL,STCKPRO,0,STCK.PRO,$ETH.X NEW ARTICLE : Scam Aler...
61,471641352,2022-07-14T05:51:13Z,NULL,BidensSafetyHelmet,8,iOS,$BTC.X $ETH.X The crypto house...
62,471641162,2022-07-14T05:46:21Z,NULL,LiveLucky9,1,Web,$ETH.X give me 2000 give me 30...
63,471640480,2022-07-14T05:27:47Z,NULL,VictoriaPotter,2,Web,$ETH.X crypto is bearish going...
64,471640171,2022-07-14T05:20:07Z,NULL,Crypto_Trapper,1,iOS,$ETH.X buy every dip cause I t...
65,471640167,2022-07-14T05:20:02Z,NULL,Buy_or_Bust,0,iOS,$ETH.X Love it...
66,471639856,2022-07-14T05:11:25Z,NULL,STCKPRO,0,STCK.PRO,$ETH.X NEW ARTICLE : TA: Ether...
67,471639820,2022-07-14T05:10:32Z,NULL,CROWHALE,2,,$BTC.X let&#39;s rate eachothe...
68,471638803,2022-07-14T04:50:23Z,Bullish,Cryptoovercash,7,Web,$HBAR.X I dont remember who th...
69,471638673,2022-07-14T04:47:49Z,Bullish,TruthFinders1,0,iOS,$ETH.X Every dip is an opportu...
70,471638138,2022-07-14T04:37:41Z,Bullish,blackeagle7,0,,"$ETH.X 

$84K by 2030 !!!..."
71,471638057,2022-07-14T04:36:03Z,Bullish,John88888888,3,iOS,$ETH.X move your eth to your w...
72,471637961,2022-07-14T04:34:24Z,NULL,lisapeterson12,1,,$BTC.X $SOL.X $AVAX.X $ETH.X $...
73,471637932,2022-07-14T04:33:44Z,Bullish,UnstopaBull,2,iOS,$ENJ.X When they release call ...
74,471637554,2022-07-14T04:26:05Z,Bullish,John88888888,0,iOS,$ETH.X when the Chinese regrou...
75,471637053,2022-07-14T04:17:36Z,Bullish,cryptoforecast,0,,$ETH.X Ethereum (ETH) Price Pr...
76,471637029,2022-07-14T04:17:11Z,Bullish,cryptoforecast,0,,$ETH.X will swing now between ...
77,471636980,2022-07-14T04:16:11Z,NULL,Azir83,3,,"$ETH.X lfg

For 3 billionth ti..."
78,471636900,2022-07-14T04:14:54Z,NULL,Decrypt,1,Zapier,"$ETH.X Deep in Crypto Winter, ..."
79,471636737,2022-07-14T04:12:14Z,NULL,Andrewfritzen01,1,iOS,"$ICP.X $ETH.X $UNI.X 

https:/..."
80,471636652,2022-07-14T04:10:38Z,NULL,cryptoforecast,1,,$ETH.X $BTC.X  Seems BTC will ...
81,471636332,2022-07-14T04:05:34Z,Bearish,SPY_trades69,6,iOS,$BTC.X $ETH.X sorry bulls. It‚Äô...
82,471636022,2022-07-14T04:01:13Z,Bullish,mikelmahoo,0,Web,$ETH.X Is this the new bull ma...
83,471635930,2022-07-14T03:59:59Z,NULL,Devblades28,0,,$ETH.X $BTC.X  Hell yeah broth...
84,471635677,2022-07-14T03:56:16Z,NULL,ospreyeye,5,,$BTC.X &gt;&gt; gonna sqquuuee...
85,471635120,2022-07-14T03:47:53Z,Bearish,NotFinancialAdvice007,1,iOS,$ETH.X wen 2.0?...
86,471634253,2022-07-14T03:37:16Z,Bearish,TheyCmeTrollin,1,,$DIA $SPY $QQQ BTC.X $ETH.X we...
87,471634248,2022-07-14T03:37:13Z,NULL,Shamani,0,Web,$ETH.X looks like a rising wed...
88,471633941,2022-07-14T03:33:26Z,Bullish,Lionseer,4,iOS,"$SOS last news, more on the wa..."
89,471633916,2022-07-14T03:33:08Z,NULL,STCKPRO,0,STCK.PRO,$ETH.X NEW ARTICLE : Ethereum:...
90,471633743,2022-07-14T03:30:46Z,Bearish,Market_Bear_king,3,Web,$SPY Not seeing the excitement...
91,471633724,2022-07-14T03:30:33Z,Bullish,FullDegenerate,0,iOS,$ETH.X let‚Äôs go bb...
92,471633147,2022-07-14T03:23:41Z,Bearish,TraderDude69,3,iOS,$SPY $ETH.X $CEL.X surprise su...
93,471633075,2022-07-14T03:22:50Z,NULL,Decrypt,0,Zapier,"$ETH.X Bitcoin, Ethereum Tumbl..."
94,471632976,2022-07-14T03:21:37Z,Bullish,RobertFrost,4,,$SPY $BTC.X $ETH.X $VIX future...
95,471632517,2022-07-14T03:16:07Z,NULL,ospreyeye,1,,$BTC.X &gt;&gt; Formed BULLISH...
96,471632472,2022-07-14T03:15:32Z,Bullish,John88888888,0,iOS,$ETH.X look at the last candle...
97,471632279,2022-07-14T03:13:19Z,Bullish,msukfan,0,iOS,$ETH.X I hope shorts applied V...
98,471632023,2022-07-14T03:10:16Z,NULL,SayLetsGoBrandon,3,iOS,$BTC.X $ETH.X $DOGE.X...
99,471631873,2022-07-14T03:08:53Z,Bullish,RobertFrost,3,,"$SPY $ETH.X $BTC.X  you sell, ..."
100,471631565,2022-07-14T03:05:44Z,NULL,Rogue80,0,,$ETH.X $BTC.X $ALGO.X  Goldman...
101,471631477,2022-07-14T03:04:41Z,NULL,JaneDoe000,0,iOS,$ETH.X gtfo...
102,471631351,2022-07-14T03:03:15Z,NULL,SayLetsGoBrandon,1,iOS,$BTC.X $ETH.X $DOGE.X https://...
103,471630986,2022-07-14T02:58:55Z,Bullish,John88888888,0,iOS,$ETH.X 2 countries made digita...
104,471630670,2022-07-14T02:55:28Z,Bullish,DeFi_Wookie,3,iOS,$ETH.X Funny thing about a 90%...
105,471630395,2022-07-14T02:52:27Z,NULL,Silverfox89,1,iOS,$ALGO.X $BTC.X $ETH.X oooof...
106,471629781,2022-07-14T02:45:50Z,Bullish,John88888888,5,iOS,$ETH.X eth 2 is like bitcoin a...
107,471629571,2022-07-14T02:43:46Z,Bullish,DeFi_Wookie,7,iOS,$ETH.X $BTC.X Saudi oil wealth...
108,471629561,2022-07-14T02:43:43Z,NULL,ospreyeye,0,,$BTC.X $COIN $ETH.X &gt;&gt; C...
109,471629116,2022-07-14T02:39:21Z,Bullish,ItIsPennywise,3,iOS,"$SOL.X $ETH.X Sell it low, I w..."
110,471628908,2022-07-14T02:37:17Z,NULL,TraderLeibniz,2,Web,"  
 
Prince&#39;s comments com..."
111,471628848,2022-07-14T02:36:44Z,Bullish,DeFi_Wookie,4,iOS,$ETH.X About two thirds of the...
112,471628838,2022-07-14T02:36:36Z,NULL,TraderLeibniz,0,Web,"  
Early this month, embattled..."
113,471628807,2022-07-14T02:36:17Z,NULL,TraderLeibniz,0,Web,#BlockFi founder and CEO Zac P...
114,471628727,2022-07-14T02:35:20Z,NULL,John88888888,3,iOS,$ETH.X everybody post one good...
115,471628616,2022-07-14T02:34:03Z,Bearish,TheAnxiousJourney,1,,$BTC.X $ETH.X $DOGE.X Bunch of...
116,471628412,2022-07-14T02:32:15Z,Bullish,BoosterG,0,Web,$ETH.X  Time to load up more o...
117,471627746,2022-07-14T02:25:09Z,NULL,Jnb410,0,iOS,$ETH.X is there any cold walle...
118,471627461,2022-07-14T02:22:24Z,Bearish,CUPandHANDLE_CHARTS,2,iOS,Warren Buffett‚Äôs partner Charl...
119,471627258,2022-07-14T02:20:26Z,NULL,Decrypt,0,Zapier,$ETH.X Ethereum Scaling Soluti...
120,471623483,2022-07-14T01:45:21Z,NULL,STCKPRO,1,STCK.PRO,$ETH.X NEW ARTICLE : $ETH: Pop...
121,471622758,2022-07-14T01:39:22Z,Bullish,Actionbronson,3,Web,"$BTC.X $ETH.x 
why aren&#39;t ..."
122,471622299,2022-07-14T01:35:38Z,NULL,TradingMainCast,1,Web,$ETH.X Ethereum analysis repor...
123,471621958,2022-07-14T01:33:01Z,Bearish,nvhideout,0,,$ETH.X Piece of Shit -based ch...
124,471621725,2022-07-14T01:31:03Z,Bullish,GodiTwits,2,iOS,$BTC.X $ETH.X HUGEEE Shoutout ...
125,471621598,2022-07-14T01:30:09Z,Bullish,RagingBull4444,0,iOS,$ETH.X $BTC.X $NEXO.X I wonder...
126,471621565,2022-07-14T01:29:51Z,NULL,dreamchasers,2,Web,$BTC.X $ADA.X $ETH.X $SHIB.X...
127,471621564,2022-07-14T01:29:51Z,Bullish,Achayan,7,,$GALA.X Recession coming in.. ...
128,471621159,2022-07-14T01:26:44Z,NULL,Pinko,1,Web,$SNX.X Most bullish thing you&...
129,471620887,2022-07-14T01:24:16Z,NULL,CrateCrimes,1,iOS,$ETH.X somebody take the huge ...
130,471620833,2022-07-14T01:23:46Z,NULL,Conflitm749,4,,$BTC.X $ETH.X Ever notice how ...
131,471620607,2022-07-14T01:21:27Z,Bullish,FlyestFly,1,iOS,$RLC.X The fact that iExec CEO...
132,471620300,2022-07-14T01:19:04Z,Bullish,AtomicApe,0,iOS,$ETH.X ü§Øü§Øü§Ø...
133,471618650,2022-07-14T01:05:12Z,NULL,STCKPRO,0,STCK.PRO,$ETH.X NEW ARTICLE : Crypto Ma...
134,471618603,2022-07-14T01:04:46Z,NULL,oldswedebich,1,iOS,$ETH.X was honestly hoping for...
135,471618393,2022-07-14T01:02:56Z,NULL,Rainmakerdricks,0,Web,$ETH.X where are the two guys ...
136,471617254,2022-07-14T00:53:01Z,Bearish,Tly1124,1,,$BTC.X $ETH.X A fool and his m...
137,471617204,2022-07-14T00:52:33Z,Bullish,wha1e,2,iOS,"$BTC.X $ETH.X nice. 

Cc: $SPY..."
138,471616456,2022-07-14T00:46:19Z,NULL,GreenOriginInvestment,0,Web,Community post for ticker requ...
139,471616343,2022-07-14T00:45:26Z,Bearish,LuckyLicks333,2,iOS,"$ETH.X big red candle at
9:30 ..."
140,471615944,2022-07-14T00:41:59Z,NULL,CUPandHANDLE_CHARTS,8,iOS,Remember less than 12 months a...
141,471615908,2022-07-14T00:41:39Z,NULL,jackdamn,4,Web,Even thought most Blue Chip cr...
142,471615718,2022-07-14T00:40:03Z,Bullish,marketp,3,iOS,$SHIB.X $ETH.X $BTC.X let‚Äôs go...
143,471615163,2022-07-14T00:35:29Z,NULL,GordonGekko888,4,Web,$BTC.X $ETH.X $LTC.X $DOGE.X $...
144,471614319,2022-07-14T00:28:44Z,Bullish,THE_MANTIS,15,,"$AABB

$BTC.X $ETH.X $DOGE.X $..."
145,471614164,2022-07-14T00:27:30Z,Bullish,DigitalDataNomad,2,Web,"$btc.x  
 
needs retest. hopef..."
146,471613741,2022-07-14T00:24:13Z,NULL,STCKPRO,0,STCK.PRO,$ETH.X NEW ARTICLE : Ethereum ...
147,471613653,2022-07-14T00:23:39Z,NULL,jackdamn,6,Web,If you bought Ethereum January...
148,471613629,2022-07-14T00:23:27Z,NULL,MetaAnalysis,5,iOS,$SPY $BTC.X $ETH.X $UVXY Yikes...
149,471613369,2022-07-14T00:21:26Z,NULL,JavierAyala,1,iOS,"Celsius Bankrupt? Oh my god, w..."
150,471613323,2022-07-14T00:21:03Z,Bullish,DFWxplorer,4,iOS,$BTC.X $ETH.X $BKKT Crypto loo...
151,471613113,2022-07-14T00:19:36Z,NULL,Judy11,0,iOS,$ETH.X I will not buy until bt...
152,471612999,2022-07-14T00:18:54Z,NULL,BlameBiden,0,iOS,$ETH.X wants to move higher bu...
153,471612740,2022-07-14T00:17:13Z,NULL,CrzyChris5,1,,$BTC.X $ETH.X Very interesting...
154,471612180,2022-07-14T00:12:50Z,Bullish,ThicccMoney,1,iOS,$ETH.X $300 pop coming...
155,471611994,2022-07-14T00:11:16Z,Bullish,DigitalDataNomad,1,Web,"$ETH.X  
 
primed for a bigger..."
156,471611438,2022-07-14T00:07:11Z,NULL,Age_of_Aquarius,2,iOS,"$ETH.X 

This always pumps and..."
157,471611218,2022-07-14T00:05:44Z,NULL,A76er76er,0,Web,$ETH.X so macd is crossing ove...
158,471611187,2022-07-14T00:05:31Z,NULL,AlienOvichO,2,Web,#Ethereum $ETH.X Bounced from ...
159,471611164,2022-07-14T00:05:20Z,Bullish,WallStCrook,0,iOS,$BTC.X $ETH.X PWN DEM BEARS BO...
160,471611155,2022-07-14T00:05:17Z,NULL,Honeycombz11,1,Web,$ETH.X This is fucking bullshi...
161,471610424,2022-07-14T00:00:33Z,Bullish,Hometokenguy,3,,$MATIC.X $ETH.X $ALGO.X $BNB.X...
162,471609943,2022-07-13T23:57:06Z,Bullish,CryptoTraderForLife,3,iOS,$ETH.X so is that called a dum...
163,471609871,2022-07-13T23:56:41Z,Bullish,bradenstocks12,0,iOS,$ETH.X boss shit here if you h...
164,471609807,2022-07-13T23:56:11Z,NULL,Billionaireclubcollc,0,Web,Celsius is reportedly filing f...
165,471609804,2022-07-13T23:56:10Z,Bullish,GodiTwits,3,iOS,"$BTC.X We told youuuuu üòâ 

Whe..."
166,471609754,2022-07-13T23:55:49Z,Bearish,Market_Bear_king,1,Web,$SPY The crypto world send its...
167,471609442,2022-07-13T23:53:25Z,NULL,srynotsry,0,,$ETH.X please drop to 700 by p...
168,471609372,2022-07-13T23:52:59Z,Bullish,MahketMaka,3,,"$VGX.X L.F.G!!!!!!

$BTC.X $ET..."
169,471608922,2022-07-13T23:49:49Z,NULL,MikeHockInbahls,3,,$ETH.X I think we can safely s...
170,471608571,2022-07-13T23:47:15Z,Bullish,GreenOriginInvestment,2,Web,"literal bear trap, got people ..."
171,471608520,2022-07-13T23:46:55Z,Bullish,John88888888,1,Web,$ETH.X we have a bullish engul...
172,471608442,2022-07-13T23:46:23Z,NULL,GreenOriginInvestment,0,Web,$ETH.X leggo :D...
173,471608105,2022-07-13T23:44:00Z,Bullish,stockydave22,0,,$BTC.X $ETH.X both are BiPolar...
174,471608007,2022-07-13T23:43:31Z,Bullish,PepeFrog,1,Web,$ETH.X We will test ATH by 1DE...
175,471607983,2022-07-13T23:43:24Z,NULL,STCKPRO,0,STCK.PRO,$ETH.X NEW ARTICLE : Red Hot I...
176,471607923,2022-07-13T23:42:57Z,Bearish,Ethman1994,0,Web,$ETH.X down ro 900 end of this...
177,471607511,2022-07-13T23:39:49Z,NULL,patrickrooney,2,iOS,$ETH.X 1500 by EOM. Yes? No?...
178,471607482,2022-07-13T23:39:36Z,NULL,Jjw2019,1,iOS,$ETH.X $BTC.X $OIL $USO Still ...
179,471607414,2022-07-13T23:39:00Z,NULL,ShartMarket,2,,$ETH.X when last I checked I t...
180,471607409,2022-07-13T23:38:58Z,Bearish,johnjohn555,1,,$ETH.X down again tomorrow...
181,471607317,2022-07-13T23:38:14Z,Bullish,John88888888,0,Web,$ETH.X if everyone wants 15k e...
182,471607173,2022-07-13T23:37:10Z,NULL,PaidBashar,0,,$ETH.X baboon yacht clubs are ...
183,471606745,2022-07-13T23:34:11Z,NULL,The_Perfect_Wave,1,,$ETH.X could it be üßê...
184,471606423,2022-07-13T23:32:09Z,Bullish,John88888888,1,Web,$ETH.X we had a double bottom ...
185,471606274,2022-07-13T23:31:07Z,NULL,dreamchasers,1,Web,$AVAX.X next tweet will be cz ...
186,471605757,2022-07-13T23:27:36Z,NULL,The_Perfect_Wave,0,,Does tho see green position üßê ...
187,471605653,2022-07-13T23:26:53Z,NULL,Bearswin2,0,,$ETH.X wow 1k...
188,471605445,2022-07-13T23:25:42Z,Bullish,ApTogStr,0,iOS,$ETH.X bears are still dreamin...
189,471605277,2022-07-13T23:24:37Z,Bullish,DeFi_Wookie,3,iOS,$ETH.X $BTC.X $QQQ $SPY Everyo...
190,471605014,2022-07-13T23:22:43Z,Bullish,blackeagle7,2,,"$ETH.X 

$2000 incoming!!!..."
191,471604878,2022-07-13T23:21:54Z,NULL,ShowMeTheMoney1001,0,iOS,$BTC.X $ETH.X I guess this AM ...
192,471604853,2022-07-13T23:21:44Z,NULL,LiveLucky9,3,iOS,$BTC.X $ETH.X $DOGE.X just got...
193,471604641,2022-07-13T23:20:07Z,Bullish,Chark,3,Web,$ETH.X  Here are the Gann leve...
194,471604463,2022-07-13T23:18:56Z,NULL,JudgeAnderson,2,Web,$DWAC $BTC.X $ETH.X By the tim...
195,471604424,2022-07-13T23:18:37Z,Bullish,John88888888,0,Web,$ETH.X I just squint and eth i...
196,471604346,2022-07-13T23:18:04Z,NULL,PaidBashar,0,,$ETH.X the more bankruptcies t...
197,471604264,2022-07-13T23:17:29Z,NULL,KRowland,1,iOS,"$BTC.X $ETH.X Hmmmm..

https:/..."
198,471604219,2022-07-13T23:17:12Z,NULL,Crypto_Trapper,1,iOS,$ETH.X nooo I wanted to load u...
199,471604194,2022-07-13T23:17:03Z,NULL,John88888888,0,Web,$ETH.X is popping!...
200,471603982,2022-07-13T23:15:38Z,NULL,BlameBiden,1,iOS,$ETH.X don‚Äôt worry it‚Äôs not re...
201,471603749,2022-07-13T23:13:56Z,NULL,MoneyMayne12,2,iOS,"$VGX.X üòÇ AYOOO

 $BTC.X $ETH.X..."
202,471603391,2022-07-13T23:11:28Z,NULL,Billionaireclubcollc,1,Web,Adshares Establishes Premium P...
203,471602943,2022-07-13T23:08:38Z,NULL,tuningin,1,iOS,$ETH.X acting bullish rn....
204,471602429,2022-07-13T23:04:57Z,NULL,rich54,1,iOS,$SAND.X celcius bankruptcy rep...
205,471602347,2022-07-13T23:04:28Z,Bullish,DeFi_Wookie,5,iOS,$ETH.X $BTC.X $OIL $USO So Mid...
206,471602154,2022-07-13T23:03:10Z,NULL,STCKPRO,1,STCK.PRO,$ETH.X NEW ARTICLE : Vitalik B...
207,471602106,2022-07-13T23:02:50Z,Bullish,bradenstocks12,1,iOS,$ETH.X boss level shit here...
208,471601871,2022-07-13T23:01:12Z,Bullish,bigwhalealert,0,Web,$ETH.X BUY/SELL METER Signal C...
209,471600095,2022-07-13T22:49:24Z,NULL,Billionaireclubcollc,1,Web,Finder‚Äôs Bitcoin Prediction Re...
210,471598473,2022-07-13T22:38:17Z,NULL,Billionaireclubcollc,3,Web,Snack On This: Twinkies Has A ...
211,471598013,2022-07-13T22:35:10Z,NULL,Billionaireclubcollc,2,Web,Kazakhstan‚Äôs New Law Imposes H...
212,471597511,2022-07-13T22:31:58Z,NULL,KM2020,6,iOS,$SPY $QQQ $BTC.X $AAPL $ETH.X ...
213,471597222,2022-07-13T22:30:09Z,NULL,Billionaireclubcollc,1,Web,Saudi Arabian Crypto Investors...
214,471596663,2022-07-13T22:26:35Z,Bullish,__SuNdAyGrAvY__,9,Web,"$AABB $DKNG $ETH.X $LTC.X  
th..."
215,471594252,2022-07-13T22:11:16Z,Bearish,CUPandHANDLE_CHARTS,2,iOS,More 2022 crypto ‚ÄúFUD‚Äù.  2022 ...
216,471593370,2022-07-13T22:05:51Z,NULL,BagmanBurns,0,iOS,$ETH.X  Does anyone know if Co...
217,471592929,2022-07-13T22:03:09Z,NULL,STCKPRO,0,STCK.PRO,$ETH.X NEW ARTICLE : Ethereum ...
218,471592180,2022-07-13T21:58:19Z,NULL,jooshpak,1,Web,$ETH.X a slow climb back to $1...
219,471591669,2022-07-13T21:55:20Z,Bullish,DigitalDataNomad,1,Web,"$BTC.X  
 
https://giphy.com/c..."
220,471591631,2022-07-13T21:55:04Z,NULL,Decrypt,0,Zapier,Ethereum Mining Pools Will Sur...
221,471590355,2022-07-13T21:47:42Z,NULL,Billionaireclubcollc,1,Web,China‚Äôs central bank to expand...
222,471590024,2022-07-13T21:45:40Z,NULL,Paulrc123,1,iOS,$ETH.X should of bought this i...
223,471589334,2022-07-13T21:41:30Z,Bullish,DeFi_Wookie,1,iOS,$ETH.X $BTC.X I don‚Äôt think th...
224,471588804,2022-07-13T21:38:24Z,Bullish,itradeai,1,Web,$ETH.X Rocket Momentum Detecte...
225,471588249,2022-07-13T21:35:09Z,NULL,Joshua123467,0,iOS,$ETH.X will this drop more ?...
226,471587888,2022-07-13T21:33:07Z,Bearish,Stonkchaser7,0,Web,$ETH.X Who is still buying thi...
227,471587808,2022-07-13T21:32:37Z,NULL,TheFallofAdam,0,iOS,"$SHIB.X $BTC.X $ETH.X 

https:..."
228,471587596,2022-07-13T21:31:33Z,NULL,Billionaireclubcollc,0,Web,US Senate confirms Michael Bar...
229,471587298,2022-07-13T21:30:06Z,NULL,Billionaireclubcollc,0,Web,BIS committee and IOSCO issue ...
230,471586988,2022-07-13T21:28:31Z,Bullish,whodunnit1,1,Web,"$ETH.X oh no, back to Jan 2021..."
231,471586459,2022-07-13T21:25:34Z,NULL,PREMIUM4SELL,0,iOS,"$ETH.X 

https://youtu.be/CSHs..."
232,471583313,2022-07-13T21:08:45Z,NULL,TalkMarkets,0,TalkMarkets,#Cryptocurrencies Through Wedn...
233,471582970,2022-07-13T21:06:53Z,NULL,dontalwaysbuythedip,0,iOS,$ETH.X just dump it to 350 alr...
234,471582199,2022-07-13T21:03:02Z,NULL,Billionaireclubcollc,0,Web,UK Court Allows Filing Lawsuit...
235,471581737,2022-07-13T21:00:40Z,NULL,Billionaireclubcollc,3,Web,EXCLUSIVE: Short Seller Andrew...
236,471581026,2022-07-13T20:57:07Z,Bullish,__SuNdAyGrAvY__,5,Web,"$AABB $DKNG $ETH.X $BCH.X  
wa..."
237,471580882,2022-07-13T20:56:25Z,Bullish,DigitalDataNomad,4,Web,"$BTC.X  
 
climbing off the re..."
238,471580778,2022-07-13T20:55:57Z,NULL,Age_of_Aquarius,0,iOS,"$BTC.X $ETH.X 

This is probab..."
239,471580234,2022-07-13T20:53:20Z,NULL,andytradez,0,iOS,$ETH.X bought more...
240,471579751,2022-07-13T20:51:04Z,NULL,Billionaireclubcollc,1,Web,3 reasons why Bitcoin is strug...
241,471579714,2022-07-13T20:50:54Z,NULL,TILLYWISE,1,,$ETH.X üòÉüòÉ‚úå...
242,471579641,2022-07-13T20:50:35Z,Bullish,9owls,2,Web,$ETH.X It should be very clear...
243,471579018,2022-07-13T20:47:43Z,NULL,Benzinga,3,Web,EXCLUSIVE: Short Seller Andrew...
244,471578898,2022-07-13T20:47:14Z,NULL,Billionaireclubcollc,1,Web,UK court allows lawsuit to be ...
245,471576340,2022-07-13T20:35:45Z,Bullish,DigitalDataNomad,1,Web,"$ETH.X  
 
retested 20 MA last..."
246,471575467,2022-07-13T20:32:32Z,Bullish,tomhdk,0,,"$WTC.X Is pumping pretty hard,..."
247,471574587,2022-07-13T20:29:20Z,NULL,BlameBiden,0,iOS,$ETH.X going back red...
248,471574018,2022-07-13T20:27:04Z,NULL,Billionaireclubcollc,1,Web,Citing Benefits of Cryptocurre...
249,471572853,2022-07-13T20:22:22Z,Bullish,9owls,0,Web,$ETH.X Trying to look around a...
250,471572283,2022-07-13T20:20:11Z,Bearish,OldmanSachss,5,,$BTC.X $ETH.X $ETC.X $DOGE.X...
251,471570579,2022-07-13T20:14:56Z,NULL,bobsizzla,0,iOS,"$BTC.X $ETH.X 

Ya I‚Äôll take m..."
252,471569139,2022-07-13T20:09:49Z,Bearish,200ProcentTetna,10,,"$BTC.X $QQQ $ETH.X $SPY

Infla..."
253,471568920,2022-07-13T20:09:01Z,NULL,Billionaireclubcollc,0,Web,Why Alex Tapscott quit his hig...
254,471568050,2022-07-13T20:06:22Z,NULL,Crypto_Trapper,0,iOS,$ETH.X is it a good time to ad...
255,471567938,2022-07-13T20:06:00Z,NULL,A76er76er,0,Web,$ETH.X who is the whale that m...
256,471567042,2022-07-13T20:03:31Z,NULL,Billionaireclubcollc,0,Web,UK Treasury Committee opens in...
257,471565944,2022-07-13T20:00:22Z,NULL,Billionaireclubcollc,0,Web,"Price analysis 7/13: $BTC.X, $..."
258,471565273,2022-07-13T19:58:10Z,NULL,Negar_KZ,0,iOS,$SHIB.X $CULT.X $VERSE.X $ETH....
259,471564677,2022-07-13T19:56:08Z,Bullish,__SuNdAyGrAvY__,0,Web,$ETH.X EASY FAKN MONEY...
260,471564629,2022-07-13T19:55:59Z,Bullish,__SuNdAyGrAvY__,0,Web,$ETH.X EASY MONEY...
261,471563786,2022-07-13T19:53:09Z,NULL,STCKPRO,1,STCK.PRO,$ETH.X NEW ARTICLE : Ether slu...
262,471563294,2022-07-13T19:51:23Z,NULL,Byhiselo,5,Web,$QNT.X $SHIB.X $DOGE.X $ETH.X ...
263,471561492,2022-07-13T19:45:07Z,Bearish,OldmanSachss,1,,"$BTC.X shorting time 
$ETH.X..."
264,471558976,2022-07-13T19:35:55Z,Bearish,PaMpY_DaMpY,0,,$ETH.X short here...
265,471557861,2022-07-13T19:31:51Z,Bullish,Triquetraunity,2,iOS,$SUKU.X hidden üíé just wait $RA...
266,471556856,2022-07-13T19:28:08Z,NULL,Billionaireclubcollc,1,Web,Playboy to launch in The Sandb...
267,471556733,2022-07-13T19:27:44Z,Bullish,SheebOshi,6,iOS,Now you can purchase $SHIB.X o...
268,471554632,2022-07-13T19:20:03Z,NULL,Billionaireclubcollc,0,Web,Bitcoin and Ethereum: More Ups...
269,471554599,2022-07-13T19:19:56Z,Bearish,jmoney091,1,iOS,$BTC.X $ETH.X next leg down fo...
270,471554500,2022-07-13T19:19:28Z,Bullish,ali_178,0,,$ETH.X Buying more eth in Netc...
271,471554385,2022-07-13T19:19:03Z,Bullish,John88888888,0,iOS,"$ETH.X if everyone held 1 eth,..."
272,471553518,2022-07-13T19:15:56Z,Bullish,blackeagle7,0,,"$ETH.X 

$2000 incoming !!!..."
273,471552675,2022-07-13T19:12:44Z,NULL,vibrant,0,Web,Potentially making some trades...
274,471551349,2022-07-13T19:08:02Z,Bullish,WilliamNextLvl,1,,$ETH.X bounce baby...
275,471551206,2022-07-13T19:07:29Z,Bullish,TONY_APE_MONTANA,2,iOS,"$BTC.X $ETH.X 

Paper money is..."
276,471550992,2022-07-13T19:06:45Z,NULL,The_Perfect_Wave,3,,"Googles how to design nfts 

$..."
277,471550732,2022-07-13T19:05:49Z,NULL,e_x_p_i_r_e,0,Web,$ETH.X holy shit today started...
278,471550467,2022-07-13T19:04:47Z,Bullish,Buy_or_Bust,3,iOS,$ETH.X Keep adding keep loadin...
279,471549130,2022-07-13T18:59:51Z,NULL,John88888888,1,iOS,$ETH.X add half now and if it ...
280,471548829,2022-07-13T18:58:48Z,NULL,Crypto_Trapper,0,iOS,$ETH.X I have 1400 when should...
281,471548382,2022-07-13T18:57:07Z,NULL,RockCharmer,0,iOS,$ETH.X A long road until 16 Et...
282,471547949,2022-07-13T18:55:28Z,Bullish,FRONT,2,iOS,$BLZ.X this is next to run. Be...
283,471546704,2022-07-13T18:50:35Z,Bullish,John88888888,0,iOS,$ETH.X my TA says next ride up...
284,471546626,2022-07-13T18:50:17Z,Bullish,1st1MM,2,,$MINA.X $ETH.X $MATIC.X 3 Gems...
285,471545632,2022-07-13T18:46:42Z,Bullish,9owls,0,Web,$ETH.X I think analysts will c...
286,471545209,2022-07-13T18:45:08Z,NULL,MelonballInvests,3,iOS,$BCH.X extremely happy with my...
287,471544760,2022-07-13T18:43:31Z,Bullish,dyizmil,2,,$JASMY.X $ETH.X 1m coins LFG!...
288,471544008,2022-07-13T18:40:43Z,Bullish,DFWxplorer,6,iOS,$BTC.X $ETH.X $BKKT Markets an...
289,471543708,2022-07-13T18:39:27Z,NULL,Pilliam,11,Web,$ETH.X $BTC.X $SOL.X $SHIB.X  ...
290,471542906,2022-07-13T18:36:31Z,NULL,Trader_Jatt,0,,$ETH.X $950 about to happen...
291,471542884,2022-07-13T18:36:25Z,NULL,TheArmchairEconomist,0,,"$ETH.X Fed Friday, the markdow..."
292,471542561,2022-07-13T18:35:19Z,Bullish,__SuNdAyGrAvY__,6,Web,$AABB a sick honkey straight g...
293,471542015,2022-07-13T18:33:15Z,NULL,Crypto_Trapper,0,iOS,$ETH.X should I add more or wa...
294,471541301,2022-07-13T18:30:40Z,Bullish,bigwhalealert,0,Web,$ETH.X LIVE ANAlytics https://...
295,471540730,2022-07-13T18:28:35Z,Bullish,9owls,0,Web,$ETH.X The Merge... in this in...
296,471540531,2022-07-13T18:27:48Z,NULL,Age_of_Aquarius,5,iOS,$ETH.X $LUNC.X $BTT.X $BTC.X $...
297,471540312,2022-07-13T18:26:54Z,NULL,Trader07x,0,Web,$ETH.X Checkout tinyfloat Oile...
298,471540299,2022-07-13T18:26:50Z,Bullish,CaptnSendy,0,iOS,$ETH.X can‚Äôt see the matrix ri...
299,471539144,2022-07-13T18:22:25Z,Bullish,__SuNdAyGrAvY__,10,Web,"$AABB $ETH.X $TWTR  
fuck hunt..."
300,471538522,2022-07-13T18:19:58Z,Bullish,Planetarywisdom,1,iOS,"$ETH.X 

Bought 25 coins at 10..."
301,471537519,2022-07-13T18:16:12Z,Bullish,John88888888,0,iOS,$ETH.X hop on before all the C...
302,471536983,2022-07-13T18:14:18Z,NULL,HALIMTHEBULL,1,iOS,$ETH.X $MATIC.X get in while y...
303,471535754,2022-07-13T18:09:36Z,Bullish,Patty123,3,,$VGX.X consolidation happening...
304,471535362,2022-07-13T18:08:00Z,Bullish,bighaas,0,iOS,$ETH.X so much support at 0$ üëç...
305,471535132,2022-07-13T18:07:17Z,NULL,RGeek,0,iOS,$ETH.X going back to 1400 very...
306,471535126,2022-07-13T18:07:16Z,Bullish,BitBlaster,0,iOS,$ETH.X ‚Ä¶I would like to invite...
307,471534734,2022-07-13T18:05:52Z,Bullish,FreshHypePicks,10,Web,$TANH This one is a known sque...
308,471534229,2022-07-13T18:04:08Z,NULL,STCKPRO,1,STCK.PRO,$ETH.X NEW ARTICLE : Transacti...
309,471533689,2022-07-13T18:02:11Z,Bullish,ethereumking999,1,,"$ETH.X bought another 2 coins
..."
310,471533006,2022-07-13T18:00:03Z,NULL,Pitbullbearista,0,iOS,$ETH.X will have to break sign...
311,471532791,2022-07-13T17:59:13Z,NULL,ChartGuysDan,0,Web,"Going live $BTC.x $ETH.x  
htt..."
312,471532340,2022-07-13T17:57:21Z,Bearish,Ethman1994,0,Web,$ETH.X he bought....
313,471532282,2022-07-13T17:57:09Z,Bearish,StarshipTrooper,1,Web,$SPY $QQQ $ETH.X Fed QT  +  ri...
314,471531850,2022-07-13T17:55:28Z,NULL,tuningin,0,iOS,$ETH.X went short at 1086.  Le...
315,471531837,2022-07-13T17:55:26Z,NULL,SqueezyMotoInvesting,0,iOS,$VGX.X ü´∂ Link in BIO‚úÖ $ETH.X $...
316,471531624,2022-07-13T17:54:37Z,Bullish,John88888888,0,iOS,$ETH.X email money transfer = ...
317,471531581,2022-07-13T17:54:27Z,Bullish,Curiousking,0,iOS,$ETH.X all aboard...
318,471530494,2022-07-13T17:50:31Z,NULL,Reddollars456,1,,$CRO.X $BNB.X $ETH.X my top 3 ...
319,471527659,2022-07-13T17:39:53Z,NULL,The_Perfect_Wave,1,,Munger 98yrs old. He better be...
320,471527569,2022-07-13T17:39:33Z,Bullish,John88888888,1,iOS,$ETH.X is like the strongest a...
321,471527416,2022-07-13T17:38:56Z,Bullish,Patty123,3,,$VGX.X Told you. Were running ...
322,471526502,2022-07-13T17:35:25Z,Bullish,9owls,1,Web,$ETH.X Miners have no HODL sta...
323,471526055,2022-07-13T17:33:45Z,Bullish,FreshHypePicks,8,Web,"$TANH Alerting TANH here, this..."
324,471526036,2022-07-13T17:33:40Z,Bearish,Ethman1994,0,Web,$ETH.X any moment now. This ti...
325,471525683,2022-07-13T17:32:19Z,NULL,The_Perfect_Wave,2,,Probably secretly has his frie...
326,471525403,2022-07-13T17:31:17Z,NULL,LuckyLicks333,0,iOS,$ETH.X out...
327,471524854,2022-07-13T17:29:12Z,NULL,Bearswin2,1,,$ETH.X when they release their...
328,471524655,2022-07-13T17:28:26Z,NULL,Billionaireclubcollc,0,Web,WOMBAT and GTP tokens are in t...
329,471523753,2022-07-13T17:25:04Z,NULL,heathstettler,0,iOS,"$FJB.X Up over 3%, while $BTC...."
330,471523694,2022-07-13T17:24:50Z,Bearish,TheAnxiousJourney,1,,$BTC.X $ETH.X $DOGE.X Countles...
331,471523276,2022-07-13T17:23:07Z,NULL,STCKPRO,0,STCK.PRO,"$ETH.X NEW ARTICLE : 2,137 ETH..."
332,471522374,2022-07-13T17:19:41Z,Bullish,DeFi_Wookie,0,iOS,$ETH.X Funny thing about a big...
333,471521505,2022-07-13T17:16:29Z,Bullish,Mbagbrown,4,Web,$LINU.X is the next project to...
334,471521434,2022-07-13T17:16:13Z,Bullish,JoelCrummer1,0,Web,$ETH.X  Top analyst price targ...
335,471521188,2022-07-13T17:15:19Z,NULL,Billionaireclubcollc,0,Web,Celsius Engaged in an Unregist...
336,471520908,2022-07-13T17:14:24Z,NULL,Billionaireclubcollc,0,Web,NFT Sales Jump 10% Higher Than...
337,471520858,2022-07-13T17:14:14Z,Bullish,Erick809,0,,$ETH.X idiots not buying the d...
338,471520238,2022-07-13T17:12:04Z,NULL,Billionaireclubcollc,0,Web,"After Losing $20K, is $15,000 ..."
339,471520206,2022-07-13T17:11:57Z,Bullish,bullishlongterm,1,iOS,"$ETH.X longed 1023 today, feel..."
340,471520075,2022-07-13T17:11:32Z,Bullish,John88888888,0,iOS,$ETH.X all money should flow i...
341,471520021,2022-07-13T17:11:21Z,NULL,e_x_p_i_r_e,0,Web,$ETH.X lmao are we finally hed...
342,471520004,2022-07-13T17:11:17Z,NULL,GemTexan,0,Web,$ETH.X Just accept the simple ...
343,471519967,2022-07-13T17:11:11Z,Bullish,Penny_Cruncher,1,iOS,$BTC.X $ETH.X...
344,471519853,2022-07-13T17:10:46Z,NULL,srynotsry,1,,$ETH.X when in doubt zoom out...
345,471519415,2022-07-13T17:09:13Z,Bullish,John88888888,0,iOS,$ETH.X if you sold thinking it...
346,471519334,2022-07-13T17:08:58Z,NULL,GemTexan,0,Web,$ETH.X Looks like the dinglebe...
347,471519149,2022-07-13T17:08:19Z,NULL,Billionaireclubcollc,0,Web,$ADA.X  Crashes by 7% and Lose...
348,471518767,2022-07-13T17:07:07Z,Bullish,moonphase111,0,iOS,$ETH.X Tamp it!...
349,471518551,2022-07-13T17:06:29Z,NULL,Honeycombz11,0,Web,$ETH.X (worst inflation report...
350,471518263,2022-07-13T17:05:37Z,NULL,Billionaireclubcollc,0,Web,Binance Burns Another $444M Wo...
351,471517744,2022-07-13T17:03:52Z,Bullish,John88888888,1,iOS,$ETH.X if everyone held 1 eth ...
352,471515554,2022-07-13T16:55:52Z,NULL,Billionaireclubcollc,0,Web,$XRP.X  On the Verge of Breaki...
353,471514433,2022-07-13T16:51:44Z,Bullish,DeFi_Wookie,1,iOS,$ETH.X The instructional inves...
354,471513229,2022-07-13T16:47:02Z,NULL,ChristmasStocking,0,Web,$ETH.X ..0...
355,471513153,2022-07-13T16:46:43Z,Bullish,RobertFrost,1,,$SPY $BTC.X $ETH.X watching th...
356,471511346,2022-07-13T16:39:38Z,Bullish,John88888888,2,iOS,$ETH.X imagine Tesla cars exec...
357,471510771,2022-07-13T16:37:26Z,NULL,STCKPRO,0,STCK.PRO,$ETH.X NEW ARTICLE : This exec...
358,471510545,2022-07-13T16:36:40Z,Bullish,FarSight_EV2,8,,$FSR I know you crypto guys li...
359,471509454,2022-07-13T16:32:34Z,NULL,Billionaireclubcollc,1,Web,ConocoPhillips ( $COP) Wins Ap...
360,471509269,2022-07-13T16:31:54Z,Bullish,DeFi_Wookie,4,iOS,$ETH.X Nice resilience. Bottom...
361,471509138,2022-07-13T16:31:21Z,Bullish,John88888888,0,iOS,$ETH.X remember when you had a...
362,471507981,2022-07-13T16:26:49Z,Bullish,RobertFrost,1,,$SPY $BTC.X $ETH.X watch this ...
363,471507549,2022-07-13T16:25:08Z,NULL,Capitalist_Pig_,5,iOS,$SPY $BTC.X $ETH.X the crypto ...
364,471507091,2022-07-13T16:23:15Z,Bearish,TheAnxiousJourney,3,,$BTC.X $ETH.X $DOGE.X Elon nee...
365,471506560,2022-07-13T16:21:07Z,Bullish,HeadOfTheTable,0,,$ETH.X $SOL.X man debating to ...
366,471505798,2022-07-13T16:18:10Z,NULL,Billionaireclubcollc,0,Web,What‚Äôs Going On With Voyager T...
367,471505487,2022-07-13T16:16:45Z,NULL,Billionaireclubcollc,0,Web,$QNT.X Close to 2-Month High D...
368,471505011,2022-07-13T16:14:55Z,NULL,Decrypt,0,Zapier,"Deep in Crypto Winter, a Crypt..."
369,471504937,2022-07-13T16:14:38Z,NULL,JoeStonkCrusher,0,iOS,$BTC.X $ETH.X $ALGO.X $XRP.X S...
370,471500249,2022-07-13T15:56:25Z,NULL,STCKPRO,0,STCK.PRO,$ETH.X NEW ARTICLE : Bit Digit...
371,471499857,2022-07-13T15:54:53Z,Bullish,VegasVixShort,1,iOS,$ETH.X $ETHE https://cointeleg...
372,471498811,2022-07-13T15:51:02Z,NULL,Canc4,2,iOS,$ETH.X   $STWIT.P  stocktwits ...
373,471498384,2022-07-13T15:49:28Z,NULL,paintinmanning,0,iOS,$ETH.X this trash can‚Äôt even b...
374,471498158,2022-07-13T15:48:43Z,NULL,Leonardo_Davinci,0,iOS,$ETH.X it‚Äôs possible this goes...
375,471498155,2022-07-13T15:48:41Z,NULL,angryape12,0,iOS,$ETH.X this is rat poison ppl ...
376,471498110,2022-07-13T15:48:34Z,NULL,TheFallofAdam,3,iOS,"$SHIB.X $BTC.X $ETH.X 

https:..."
377,471497772,2022-07-13T15:47:22Z,NULL,Leonardo_Davinci,0,iOS,$ETH.X üëÄ...
378,471497747,2022-07-13T15:47:16Z,NULL,Mineable_io,1,iOS,"@Mineable_io $BTC.X $ETH.X 

T..."
379,471497183,2022-07-13T15:45:21Z,NULL,TopStonks,1,TopStonks,$ETH.X seeing sustained chatte...
380,471496374,2022-07-13T15:42:34Z,Bullish,MahketMaka,0,,$VGX.X if you have crypto lock...
381,471491167,2022-07-13T15:27:38Z,NULL,Billionaireclubcollc,1,Web,Syrian refugee turned civil ac...
382,471489733,2022-07-13T15:23:46Z,NULL,Ballad_of_Lemmiwinks,0,iOS,$SPY $BTC.X $ETH.X hahaü§°...
383,471489415,2022-07-13T15:22:52Z,NULL,Decrypt,0,Zapier,"Bitcoin, Ethereum Tumble as In..."
384,471489321,2022-07-13T15:22:36Z,Bullish,RobertFrost,2,,$SPY $BTC.X $ETH.X the new bul...
385,471488054,2022-07-13T15:19:11Z,NULL,JudgeAnderson,3,Web,$QQQ $ETH.X $BTC.X I think thi...
386,471487270,2022-07-13T15:17:02Z,NULL,Billionaireclubcollc,0,Web,Vitalik Buterin Says This Synd...
387,471486948,2022-07-13T15:16:10Z,NULL,STCKPRO,1,STCK.PRO,$ETH.X NEW ARTICLE : Ethereum ...
388,471486765,2022-07-13T15:15:42Z,NULL,Crypto_Trapper,0,iOS,$ETH.X get ready to load up ag...
389,471485918,2022-07-13T15:13:29Z,Bullish,Stormdk24,1,iOS,$BTC.X $LTC $DOGE.X $SHIB.X $E...
390,471483769,2022-07-13T15:07:52Z,Bullish,ThicccMoney,0,iOS,$ETH.X Bull run activate...
391,471482045,2022-07-13T15:03:37Z,NULL,tuningin,0,iOS,$ETH.X correlation with stocks...
392,471481548,2022-07-13T15:02:15Z,NULL,_Inv3stor_,0,Web,$ETH.X $1046 for 1 Eth - Thank...
393,471481013,2022-07-13T15:00:57Z,Bullish,Trak_stocks,2,Web,$ETH.X $BTC.X You thought you ...
394,471480117,2022-07-13T14:58:39Z,Bullish,Penny_Cruncher,0,iOS,"$BTC.X $ETH.X 

https://bitcoi..."
395,471478961,2022-07-13T14:55:39Z,Bullish,heathstettler,0,iOS,$FJB.X is doing better today t...
396,471477749,2022-07-13T14:52:49Z,Bullish,Villen617Bos,1,,$ETH.X All aboard!!!...
397,471476732,2022-07-13T14:50:27Z,NULL,Funding1985,1,iOS,$ETH.X bruh I sold cause I tho...
398,471476229,2022-07-13T14:49:05Z,Bearish,Btc_to_100k,0,iOS,$BTC.X CPI report was the wors...
399,471475937,2022-07-13T14:48:20Z,NULL,stockstalker41,0,iOS,$ETH.X gimme 1000k...
400,471475102,2022-07-13T14:46:12Z,NULL,Prescobiz,0,iOS,$ETH.X exit...
401,471474982,2022-07-13T14:45:55Z,NULL,Billionaireclubcollc,0,Web,NFT volume sees yearly low in ...
402,471474599,2022-07-13T14:45:01Z,NULL,Jrizzlemoney,0,Web,$SVRE THIS HAS A 417K FREE FLO...
403,471473555,2022-07-13T14:42:32Z,NULL,scscsc,1,,$ETH.X you buying under 1k?  I...
404,471473207,2022-07-13T14:41:41Z,Bearish,hunterbidenscrack,1,,$ETH.X headed to $300. Theres ...
405,471470714,2022-07-13T14:35:19Z,NULL,STCKPRO,1,STCK.PRO,$ETH.X NEW ARTICLE : Ethereum ...
406,471470290,2022-07-13T14:34:17Z,Bullish,SmackerKisses,13,,Hello Everyone!! I&#39;m still...
407,471469774,2022-07-13T14:33:03Z,Bullish,MahketMaka,5,,$VGX.X loyalty means something...
408,471469345,2022-07-13T14:31:56Z,Bearish,SayLetsGoBrandon,3,iOS,$BTC.X $ETH.X $DOGE.X Ever hea...
409,471468990,2022-07-13T14:31:01Z,Bullish,JohnBully,14,Web,$AABB $BTC.X $ETH.X $ADA.X $SP...
410,471468576,2022-07-13T14:30:00Z,NULL,_Inv3stor_,4,Web,$ETH.X just bought another eth...
411,471467602,2022-07-13T14:27:23Z,NULL,Deep_Value_Crypto,2,Web,Ethereum Crypto Bubble vs  Ama...
412,471467454,2022-07-13T14:27:00Z,NULL,oldswedebich,1,iOS,$ETH.X at levels not seen sinc...
413,471467290,2022-07-13T14:26:36Z,NULL,John88888888,1,iOS,$ETH.X when eth 2.0 comes peop...
414,471466318,2022-07-13T14:23:50Z,NULL,John88888888,0,iOS,$ETH.X when everyone realizes ...
415,471466248,2022-07-13T14:23:39Z,Bearish,LordDoge,1,,"Stock twits cycle: 

I post be..."
416,471465129,2022-07-13T14:20:29Z,NULL,Decrypt,0,Zapier,Ethereum Scaling Solution Star...
417,471464562,2022-07-13T14:18:48Z,Bearish,Ravelli_01,1,iOS,$ETH.X start buying around 500...
418,471464268,2022-07-13T14:17:57Z,NULL,Oldmanfranzke,0,Web,$ETH.X Everyone calls Tom Brad...
419,471463712,2022-07-13T14:16:28Z,NULL,Uchihawallstreet,2,iOS,$VGX.X this is what $ETH.X is ...
420,471463512,2022-07-13T14:15:56Z,NULL,Billionaireclubcollc,0,Web,"ETH Remains Below $1,100 Despi..."
421,471460697,2022-07-13T14:08:22Z,NULL,Ethman1994,0,Web,$ETH.X 18...
422,471460063,2022-07-13T14:06:49Z,NULL,Billionaireclubcollc,3,Web,US Bankruptcy Judge Freezes Cr...
423,471460009,2022-07-13T14:06:41Z,Bullish,make_it_rain45,0,,$ETH.X...
424,471459314,2022-07-13T14:04:54Z,NULL,Bearswin2,1,,$ETH.X when coin get released?...
425,471457477,2022-07-13T14:00:24Z,Bearish,Ethman1994,0,Web,$ETH.X beware. This will be at...
426,471456414,2022-07-13T13:57:55Z,Bearish,BlueSkiesTrader,1,,$ETH.X 30$ next...
427,471455279,2022-07-13T13:55:07Z,NULL,Jlenny25,2,Web,$ETH.X praying this falls belo...
428,471455138,2022-07-13T13:54:46Z,NULL,trader9912,4,iOS,$ETH.X just scooped 21 eth lma...
429,471454879,2022-07-13T13:54:15Z,NULL,pojo18,0,,$ETH.X when will locked coins ...
430,471454843,2022-07-13T13:54:11Z,NULL,John88888888,0,iOS,$ETH.X free lunch for everyone...
431,471454599,2022-07-13T13:53:39Z,Bullish,Crypto_Jim,0,,$ETH.X who&#39;s buying the bo...
432,471454354,2022-07-13T13:53:08Z,NULL,STCKPRO,2,STCK.PRO,$ETH.X NEW ARTICLE : Investor ...
433,471453944,2022-07-13T13:52:17Z,Bearish,Ravelli_01,2,iOS,"$ETH.X big dumps are coming, b..."
434,471453753,2022-07-13T13:51:52Z,Bearish,Honeycombz11,2,Web,"$ETH.X C&#39;mon bears, I want..."
435,471453088,2022-07-13T13:50:27Z,Bullish,Crypto_Jim,2,,$ETH.X just went all in. Very ...
436,471452128,2022-07-13T13:48:29Z,Bullish,elitechrisvp,3,,$BTC.X $ETH.X  dip meet rip...
437,471451653,2022-07-13T13:47:31Z,Bearish,bearingling,1,,$ETH.X  $BTC.X  SELL while you...
438,471450941,2022-07-13T13:45:46Z,NULL,John88888888,2,Web,$ETH.X Last chance to get eth ...
439,471450824,2022-07-13T13:45:29Z,Bullish,Darthtrader06,1,iOS,$ETH.X  5% of the portfolio is...
440,471450748,2022-07-13T13:45:19Z,NULL,Bearswin2,1,,$ETH.X 1k to be broken today....
441,471449790,2022-07-13T13:43:13Z,NULL,GoldenGoy,1,,$ETH.X $BTC.X when the world t...
442,471448577,2022-07-13T13:40:36Z,Bullish,Rainmakerdricks,0,Web,$ETH.X it wasn&#39;t good but ...
443,471447587,2022-07-13T13:38:26Z,NULL,Deep_Value_Crypto,0,Web,"Top 3:  Bitcoin, Monero, Ether..."
444,471447091,2022-07-13T13:37:12Z,NULL,bighaas,1,iOS,$SPY on a real note I really f...
445,471445443,2022-07-13T13:32:56Z,NULL,StarshipTrooper,4,Web,$QQQ $DWAC $ETH.X Is everybody...
446,471445349,2022-07-13T13:32:41Z,NULL,bighaas,0,iOS,$SPY they are still buying the...
447,471444657,2022-07-13T13:30:33Z,Bullish,Darthtrader06,1,iOS,$ETH.X  man this is one hell o...
448,471444384,2022-07-13T13:29:46Z,NULL,Cameron_Cole,4,iOS,$BTC.X $ETH.X $LTC.X $DOGE.X $...
449,471441706,2022-07-13T13:21:50Z,Bullish,MahketMaka,3,,$VGX.X $VYGVQ for the new peop...
450,471441204,2022-07-13T13:20:10Z,Bearish,Honeycombz11,0,Web,$ETH.X ...
451,471441146,2022-07-13T13:20:01Z,NULL,mars1stmoonnotneeded,1,,$ETH.X $BTC.X $DOGE.X  bloop t...
452,471441020,2022-07-13T13:19:36Z,NULL,A76er76er,3,Web,$ETH.X magical V starts at 10:...
453,471440839,2022-07-13T13:19:05Z,Bullish,GrannyDip,1,iOS,$ETH.X this could double in a ...
454,471440423,2022-07-13T13:17:50Z,Bullish,GrannyDip,1,iOS,$ETH.X this is buyers dream bu...
455,471439267,2022-07-13T13:14:20Z,Bearish,with_all_due_respect,0,,$ETH.X we need to try to dump ...
456,471438624,2022-07-13T13:12:19Z,NULL,Billionaireclubcollc,0,Web,Charlie Munger Says Avoid Cryp...
457,471438585,2022-07-13T13:12:12Z,Bearish,SayLetsGoBrandon,6,iOS,$BTC.X $ETH.X $DOGE.X Does Joe...
458,471437784,2022-07-13T13:09:47Z,NULL,Bearswin2,0,,$ETH.X  i can get it 400 bucks...
459,471437396,2022-07-13T13:08:34Z,NULL,AlertsAndNews,0,App,$COIN $BTC.X $ETH.X $DOGE.X $L...
460,471437302,2022-07-13T13:08:16Z,NULL,WilliamNextLvl,2,,$ETH.X u gotta be nuts to give...
461,471436341,2022-07-13T13:05:13Z,Bullish,__SuNdAyGrAvY__,3,Web,"$AABB  HODL THE GODL 
$ETH.X H..."
462,471435990,2022-07-13T13:04:13Z,Bearish,Usagi8,0,Web,$ETH.X $BTC.X nobody wants thi...
463,471435978,2022-07-13T13:04:12Z,NULL,CrzyChris5,0,,$BTC.X $ETH.X CPI numbers were...
464,471435457,2022-07-13T13:02:38Z,NULL,Buyhighsellreallow,0,iOS,$ETH.X i guess we going to 900...
465,471435425,2022-07-13T13:02:33Z,NULL,TalkMarkets,0,TalkMarkets,ETH/USD Forecast: #Ethereum Lo...
466,471435045,2022-07-13T13:01:28Z,NULL,BlameBiden,0,iOS,$ETH.X was looking ok 20 mins ...
467,471434791,2022-07-13T13:00:48Z,NULL,Billionaireclubcollc,0,Web,A case for BTC satellite nodes...
468,471434727,2022-07-13T13:00:39Z,Bullish,Canc4,0,iOS,$ETH.X Weak Bears!...
469,471434666,2022-07-13T13:00:31Z,NULL,drabbish,0,iOS,$ETH.X this is voyager selling...
470,471434275,2022-07-13T12:59:33Z,Bearish,OptionsTrigger,1,,"$BTC.X $ETH.X $SOL.X 

Weak gu..."
471,471434249,2022-07-13T12:59:28Z,NULL,xyz2346,1,iOS,$DIA $QQQ $SPY $BTC.X $ETH.X w...
472,471434241,2022-07-13T12:59:26Z,Bullish,Canc4,0,iOS,$ETH.X that drop was weak.  Wh...
473,471433798,2022-07-13T12:58:07Z,NULL,bighaas,2,iOS,$SPY $BTC.X $ETH.X my fractal ...
474,471433288,2022-07-13T12:56:33Z,NULL,bcannon18,0,iOS,$ETH.X there is no way this ho...
475,471433168,2022-07-13T12:56:08Z,Bullish,ethereumking999,0,,"$ETH.X wow
Buying more lol..."
476,471432743,2022-07-13T12:54:44Z,Bearish,Ethman1994,0,Web,$ETH.X ...
477,471432604,2022-07-13T12:54:13Z,NULL,Cameron_Cole,1,iOS,$BTC.X U.S. inflation reached ...
478,471432591,2022-07-13T12:54:10Z,Bearish,BozosTheClown,4,iOS,$BTC.X $ETH.X $SPY Everyone wh...
479,471432200,2022-07-13T12:52:56Z,Bearish,I3lackRose,0,,$ETH.X fools if you didn&#39;t...
480,471432115,2022-07-13T12:52:39Z,NULL,thingamajig,0,,$ETH.X 3 digit eth sooon...
481,471431462,2022-07-13T12:50:48Z,Bearish,Bearswin2,0,,$ETH.X my buy zone...
482,471430737,2022-07-13T12:48:43Z,NULL,JonnieAwsum,0,iOS,$ETH.X Somebody dumped to buy ...
483,471430301,2022-07-13T12:47:29Z,Bearish,Ethman1994,0,Web,$ETH.X where is the bat mobile...
484,471430210,2022-07-13T12:47:13Z,Bearish,Ethman1994,0,Web,$ETH.X holly baananas...
485,471430097,2022-07-13T12:46:49Z,Bearish,Automaton_Type_2b,0,,$ETH.X 500 come on!!!...
486,471429947,2022-07-13T12:46:22Z,Bearish,Ethman1994,1,Web,$ETH.X wow!...
487,471429744,2022-07-13T12:45:46Z,NULL,_StockDoc_,0,iOS,$ETH.X 800 today...
488,471429144,2022-07-13T12:43:55Z,NULL,lusoSpanishTrader,0,,$ETH.X it&#39;s just a stock f...
489,471428687,2022-07-13T12:42:37Z,NULL,flock_o_bagels,0,iOS,$ETH.X  I‚Äôm earning interest o...
490,471426856,2022-07-13T12:37:12Z,NULL,lusoSpanishTrader,0,,$ETH.X who has 10M in ETH and ...
491,471426335,2022-07-13T12:35:52Z,NULL,A76er76er,1,Web,$ETH.X inflation data is backw...
492,471426182,2022-07-13T12:35:26Z,Bearish,kektor757,1,iOS,$BTC.X $ETH.X look they‚Äôre hed...
493,471425942,2022-07-13T12:34:44Z,Bullish,__SuNdAyGrAvY__,0,Web,"$ETH.X OH MAN 
HERE WE GO ‚¨ÜÔ∏è..."
494,471423958,2022-07-13T12:29:08Z,NULL,Tristanvdb,1,iOS,"$QNT.X 

$ETH.X   Connect   th..."
495,471423772,2022-07-13T12:28:20Z,Bearish,Bearswin2,0,,$ETH.X...
496,471422877,2022-07-13T12:23:17Z,NULL,STCKPRO,0,STCK.PRO,$ETH.X NEW ARTICLE : MicroStra...
497,471421443,2022-07-13T12:14:17Z,NULL,Melvinscousin,1,iOS,$ETH.X I‚Äôm not greedy. I‚Äôm jus...
498,471421348,2022-07-13T12:13:30Z,NULL,ShartMarket,0,,$ETH.X I&#39;m really hopeful ...
499,471421118,2022-07-13T12:11:54Z,NULL,Jvshuanunez,0,iOS,$ETH.X https://t.me/PanchoTheP...
500,471420967,2022-07-13T12:11:06Z,Bullish,__SuNdAyGrAvY__,3,Web,"$AABB PT 88.00 
$ETH.X PT 15,0..."
501,471420052,2022-07-13T12:05:45Z,Bullish,__SuNdAyGrAvY__,6,Web,"$AABB $ETH.X $LTC.X $BCH.X  
e..."
502,471418806,2022-07-13T11:59:25Z,NULL,rnaofs,1,,$ETH.X What a perfect range......
503,471418375,2022-07-13T11:56:23Z,Bullish,ethereumking999,1,,$ETH.X give us good news at 8....
504,471416540,2022-07-13T11:42:34Z,NULL,STCKPRO,0,STCK.PRO,$ETH.X NEW ARTICLE : Ethereum ...
505,471415939,2022-07-13T11:37:44Z,NULL,John88888888,1,Web,"$ETH.X Chinese bank runs, buy ..."
506,471413977,2022-07-13T11:22:26Z,NULL,TalkMarkets,0,TalkMarkets,"I Hate #Bitcoin, But I Like #C..."
507,471412944,2022-07-13T11:14:28Z,NULL,Billionaireclubcollc,0,Web,Bitcoin not a currency? South ...
508,471412313,2022-07-13T11:08:59Z,Bearish,TheRealLMGoali,0,iOS,$BTC.X $ETH.X you have 1 hour ...
509,471411067,2022-07-13T10:59:01Z,Bullish,__SuNdAyGrAvY__,3,Web,"$AABB breakfast cheesecake  
$..."
510,471410274,2022-07-13T10:50:03Z,NULL,Billionaireclubcollc,0,Web,Bitcoin circles $20K pre CPI a...
511,471409834,2022-07-13T10:44:28Z,Bullish,BigLarko,0,iOS,$ETH.X should I buy here?...
512,471409728,2022-07-13T10:42:50Z,Bullish,DeFi_Wookie,4,iOS,$ETH.X $BTC.X The ETH Merge wi...
513,471409553,2022-07-13T10:40:18Z,NULL,Billionaireclubcollc,1,Web,Crypto winter presents an oppo...
514,471409399,2022-07-13T10:38:10Z,Bullish,MF__DOOM,1,iOS,$PETZ sold looking at crypto m...
515,471409088,2022-07-13T10:33:46Z,Bearish,Ethman1994,1,Web,$ETH.X I&#39;m a buyer at 700 ...
516,471408760,2022-07-13T10:29:26Z,NULL,reachaffaq,1,,Do not invest in FOMO (Fear of...
517,471408317,2022-07-13T10:22:39Z,NULL,_Inv3stor_,1,Web,$ETH.X Just under an hour to g...
518,471407657,2022-07-13T10:13:34Z,NULL,Billionaireclubcollc,0,Web,South Africa‚Äôs Famed Krugerran...
519,471406682,2022-07-13T10:01:57Z,NULL,STCKPRO,0,STCK.PRO,$ETH.X NEW ARTICLE : More than...
520,471406460,2022-07-13T09:59:31Z,NULL,Billionaireclubcollc,0,Web,Vermont becomes the sixth US s...
521,471406423,2022-07-13T09:58:28Z,NULL,Billionaireclubcollc,0,Web,Zac Prince Confronts Claims Co...
522,471405017,2022-07-13T09:29:27Z,Bullish,TBoneT,1,iOS,$ETH.X Clearly higher lows sin...
523,471404753,2022-07-13T09:23:56Z,Bearish,Ethman1994,0,Web,$ETH.X getting ready to take a...
524,471404724,2022-07-13T09:23:18Z,Bearish,Ethman1994,0,Web,$ETH.X ......
525,471404606,2022-07-13T09:21:03Z,NULL,STCKPRO,0,STCK.PRO,$ETH.X NEW ARTICLE : Ethereum ...
526,471403246,2022-07-13T08:46:40Z,Bullish,cryptoforecast,0,Web,$ETH.X Ethereum (ETH) Price Pr...
527,471403221,2022-07-13T08:45:59Z,Bullish,cryptoforecast,1,Web,$ETH.X is getting ready to fly...
528,471403114,2022-07-13T08:43:32Z,NULL,Villen617Bos,0,,$ETH.X the squeeze is on!...
529,471403089,2022-07-13T08:42:51Z,Bullish,tomhdk,3,,"$KMD.X Is pumping hard
$VGX.X ..."
530,471402915,2022-07-13T08:39:08Z,NULL,STCKPRO,1,STCK.PRO,$ETH.X NEW ARTICLE : Ethereum ...
531,471402739,2022-07-13T08:34:57Z,Bullish,Hamtaro_,8,,$SPY money laundering was neve...
532,471402139,2022-07-13T08:18:43Z,NULL,Decrypt,1,Zapier,$ETH.X ‚ÄòMove-to-Earn‚Äô Game Ste...
533,471402091,2022-07-13T08:17:29Z,Bearish,rumneychel,6,iOS,$ETH.X  $BTC.X  $SPY  Dont lis...
534,471401900,2022-07-13T08:12:38Z,NULL,KRowland,1,iOS,"$ETH.X $BTC.X See, this crypto..."
535,471401703,2022-07-13T08:07:46Z,Bullish,epromi,0,,$ETH.X sweet...
536,471401366,2022-07-13T08:00:06Z,Bearish,Ethman1994,0,Web,$ETH.X cute....
537,471401357,2022-07-13T08:00:02Z,NULL,LordGarda1960,0,Web,$ETH.X  Now everyone should be...
538,471400773,2022-07-13T07:44:08Z,NULL,STCKPRO,0,STCK.PRO,$ETH.X NEW ARTICLE : Vitalik B...
539,471400411,2022-07-13T07:34:39Z,Bullish,Rafc,4,iOS,$ETH.X broke out of down trend...
540,471400104,2022-07-13T07:23:31Z,Bullish,oaklandlegend,0,,$VGX.X CTX IS THE NEXT RUNNER ...
541,471400085,2022-07-13T07:22:52Z,Bearish,TheAnxiousJourney,0,,$ETH.X $DOGE.X $BTC.X 2023 cry...
542,471399918,2022-07-13T07:17:33Z,Bearish,TheAnxiousJourney,1,,$BTC.X $ETH.X $DOGE.X How&#39;...
543,471399564,2022-07-13T07:07:22Z,Bullish,GodiTwits,1,iOS,HERE WE GOOOO $ETH.X $BTC.X üòàüöÄ...
544,471399544,2022-07-13T07:06:49Z,NULL,EngineeringRobo,3,,"$BTC.X $ETH.X $XRP.X 
Cheet sh..."
545,471399411,2022-07-13T07:03:10Z,NULL,STCKPRO,1,STCK.PRO,$ETH.X NEW ARTICLE : MicroStra...
546,471398940,2022-07-13T06:52:15Z,NULL,Rjay1,0,iOS,$ETH.X Saylor is one of the sm...
547,471398869,2022-07-13T06:50:19Z,Bearish,rumneychel,0,iOS,$ETH.X  $BTC.X  Don‚Äôt be last ...
548,471398695,2022-07-13T06:46:10Z,Bullish,MahketMaka,0,,$VGX.X where the super cuck bo...
549,471398548,2022-07-13T06:42:30Z,NULL,Supera15,0,iOS,$ETH.X bruh some of y‚Äôall stil...
550,471397735,2022-07-13T06:19:08Z,NULL,STCKPRO,1,STCK.PRO,$ETH.X NEW ARTICLE : MicroStra...
551,471397492,2022-07-13T06:11:56Z,NULL,s0r0s,0,Web,$BTC.X $ETH.X $DOGE.X do you w...
552,471397340,2022-07-13T06:08:06Z,NULL,Decrypt,0,Zapier,$ETH.X Celsius Recovers Over $...
553,471397292,2022-07-13T06:07:01Z,Bearish,SellerMoon,1,,$ETH.X what can eth give me be...
554,471396877,2022-07-13T05:57:01Z,NULL,SellerMoon,1,,$ETH.X my analysis is you stil...
555,471396080,2022-07-13T05:36:48Z,Bullish,SnakeEyes11,0,iOS,$VYGVF $VGX.X $BTC.X $ETH.X $D...
556,471395830,2022-07-13T05:31:20Z,NULL,STCKPRO,0,STCK.PRO,$ETH.X NEW ARTICLE : TA: Ether...
557,471395685,2022-07-13T05:28:19Z,Bullish,ALEXXXR,0,Web,$ETH.X UNFI 200%...
558,471395532,2022-07-13T05:25:16Z,NULL,Pitbullbearista,0,iOS,$ETH.X in and out in a flash...
559,471394642,2022-07-13T05:06:25Z,NULL,SilverMamba,0,,$ETH.X bruh...
560,471394640,2022-07-13T05:06:22Z,Bullish,wallstreet12336777,1,iOS,$ETH.X it‚Äôs all a game buy the...
561,471394586,2022-07-13T05:05:10Z,Bullish,wallstreet12336777,0,iOS,$ETH.X üöÄüöÄüöÄüöÄüöÄüöÄüöÄ...
562,471393537,2022-07-13T04:44:30Z,Bearish,TheAnxiousJourney,1,,$BTC.X $ETH.X $DOGE.X I can&#3...
563,471392419,2022-07-13T04:24:08Z,NULL,STCKPRO,0,STCK.PRO,$ETH.X NEW ARTICLE : Instituti...
564,471391843,2022-07-13T04:15:31Z,Bearish,Celsius11,5,Web,"$BTC.X  price target = $12,500..."
565,471391747,2022-07-13T04:14:03Z,NULL,mikelmahoo,0,iOS,$ETH.X...
566,471391616,2022-07-13T04:12:06Z,Bullish,CreativeValue,2,iOS,$ETH.X buy zones for the next ...
567,471391513,2022-07-13T04:10:38Z,Bullish,CreativeValue,0,iOS,$ETH.X bottom is in get ready....
568,471391226,2022-07-13T04:06:03Z,NULL,Ytdprofit,0,iOS,"$ETH.X 

Well, the miners r UN..."
569,471389988,2022-07-13T03:48:39Z,Bearish,KuCoin,5,iOS,"$BTC.X  BIG Asian Dump 

$XMR...."
570,471389577,2022-07-13T03:43:16Z,NULL,STCKPRO,0,STCK.PRO,$ETH.X NEW ARTICLE : June 2022...
571,471388688,2022-07-13T03:32:33Z,NULL,abkrsh,0,,"$ETH.X 

Two great runners $AN..."
572,471387180,2022-07-13T03:15:29Z,Bullish,StockTrappa,0,,$ETH.X Looks like a triple bot...
573,471386320,2022-07-13T03:06:28Z,NULL,AlertsAndNews,1,App,"$BTC.X $ETH.X $DOGE.X Bitcoin,..."
574,471385398,2022-07-13T02:57:09Z,NULL,STCKPRO,0,STCK.PRO,$ETH.X NEW ARTICLE : Ethereum ...
575,471384981,2022-07-13T02:53:29Z,NULL,Sheeny2,12,iOS,"$ETH.X 

Ethereum all-time hig..."
576,471383255,2022-07-13T02:36:36Z,Bearish,TraderDude69,3,iOS,$BTC.X $ETH.X üò∞...
577,471382838,2022-07-13T02:33:04Z,Bullish,ConradWhitaker24,2,iOS,$ETH.X Accumulating Slowly but...
578,471381804,2022-07-13T02:24:02Z,Bullish,D_Wave,2,,$ETH.X Sold this too. All in o...
579,471381672,2022-07-13T02:22:51Z,Bullish,mikelmahoo,0,iOS,$ETH.X...
580,471381113,2022-07-13T02:18:15Z,NULL,TraderLeibniz,4,Web, Cryptocurrency lender BlockFi...
581,471381037,2022-07-13T02:17:38Z,NULL,Venge,0,iOS,"$BTC.X $ETH.X $DOGE.X 
$SCAM.X..."
582,471380909,2022-07-13T02:16:31Z,NULL,Melvinscousin,1,iOS,$ETH.X bought a little. Bedtim...
583,471379991,2022-07-13T02:09:04Z,Bullish,DeFi_Wookie,0,iOS,$ETH.X Are the tourists gone? ...
584,471379869,2022-07-13T02:08:10Z,Bearish,TomCatt222,1,,$ETH.X https://youtu.be/dPk52a...
585,471379448,2022-07-13T02:04:34Z,NULL,Fair0,4,,üî¥üü°üü¢ Gaming is bigger than musi...
586,471378814,2022-07-13T01:59:28Z,Bullish,mikelmahoo,0,iOS,$ETH.X What crypto is better t...
587,471378344,2022-07-13T01:55:39Z,NULL,Stocks_only_,15,iOS,$BTC.X $ETH.X $QQQ $SPY $SPX...
588,471378242,2022-07-13T01:54:51Z,NULL,Bearswin2,1,,$ETH.X lol imagine 100 bucks. ...
589,471377640,2022-07-13T01:50:09Z,NULL,The_Perfect_Wave,2,,$ETH.X the infamous &#39;M&#39...
590,471375111,2022-07-13T01:28:26Z,NULL,StarshipTrooper,1,Web,$SPY $ETH.X $DWAC Have you guy...
591,471373133,2022-07-13T01:12:38Z,NULL,wavw,1,iOS,$ETH.X below $10...
592,471372587,2022-07-13T01:08:31Z,NULL,ILuvthisshit,1,iOS,$VGX.X $ETH.X If this pump is ...
593,471372220,2022-07-13T01:05:25Z,NULL,Billionaireclubcollc,0,Web,"Bitcoin, Ethereum Investors Re..."
594,471371651,2022-07-13T01:00:52Z,NULL,A76er76er,2,Web,$ETH.X liquidations aren&#39;t...
595,471371644,2022-07-13T01:00:51Z,Bullish,AmpireNation,6,,$AMP.X $BTC.X $ETH.X $ROSE.X  ...
596,471370603,2022-07-13T00:52:42Z,Bearish,Benzo_B,5,iOS,"$BTC.X $ETH.X 
Another .75 on ..."
597,471370278,2022-07-13T00:50:27Z,NULL,The_Perfect_Wave,4,,There are people spending thou...
598,471370234,2022-07-13T00:50:05Z,Bullish,DeFi_Wookie,2,iOS,$ETH.X $BTC.X Crypto values ha...
599,471369847,2022-07-13T00:47:14Z,NULL,Billionaireclubcollc,0,Web,NFTs Head To The Upside Down: ...
600,471368663,2022-07-13T00:38:53Z,NULL,Billionaireclubcollc,3,Web,New York judge freezes assets ...
601,471368175,2022-07-13T00:35:14Z,NULL,Trader_Jatt,1,,$ETH.X wonder when will corpor...
602,471367588,2022-07-13T00:31:00Z,NULL,tuningin,0,iOS,$ETH.X cant get anything unles...
603,471367309,2022-07-13T00:28:51Z,NULL,Jvshuanunez,0,iOS,$ETH.X https://t.me/PanchoTheP...
604,471365747,2022-07-13T00:17:36Z,Bullish,jjuntime,0,,$BTC.X I just realized somethi...
605,471365658,2022-07-13T00:16:57Z,Bullish,broadStKing,7,,$ETH.X Who misses this guyMa...
606,471365385,2022-07-13T00:14:49Z,Bullish,GreekGodPlutus,1,iOS,"$ALCX.X 51,750% till all time ..."
607,471364841,2022-07-13T00:10:46Z,Bullish,GoldenGoy,1,,$DOGE.X and $shib are the 2 po...
608,471364454,2022-07-13T00:08:01Z,NULL,AlienOvichO,0,Web,@AlienOvichO #Ethereum $ETH.X ...
609,471363965,2022-07-13T00:04:17Z,Bearish,deestacksnyc,5,iOS,$ETH.X $SPY $BTC.X  TOMORROW...
610,471363830,2022-07-13T00:03:21Z,Bearish,deestacksnyc,0,iOS,$ETH.X down down baby shorted ...
611,471363669,2022-07-13T00:02:26Z,Bullish,paintinmanning,0,iOS,$ETH.X one more dip baby...
612,471363647,2022-07-13T00:02:17Z,NULL,LuxCapere,0,iOS,$ETH.X could be turning around...
613,471362598,2022-07-12T23:55:17Z,Bullish,CashMoneyGreen,1,iOS,$ETH.X let the hate flow thru ...
614,471362234,2022-07-12T23:52:59Z,Bullish,ArcherOliver23,0,Web,$ETH.X  Top analyst price targ...
615,471361515,2022-07-12T23:48:10Z,Bearish,AbimaelP,2,iOS,$ETH.X Pretty profitable from ...
616,471361326,2022-07-12T23:46:47Z,Bullish,DeFi_Wookie,6,iOS,$ETH.X $BTC.X $MATIC.X Once cr...
617,471360515,2022-07-12T23:40:39Z,Bullish,Eenz,7,,$JASMY.X y&#39;all ready for t...
618,471359928,2022-07-12T23:36:37Z,Bearish,Usagi8,6,iOS,$BTC.X $ETH.X  Tomorrow 830AM ...
619,471359241,2022-07-12T23:32:23Z,NULL,Billionaireclubcollc,1,Web,Charlie Munger Bashes Crypto a...
620,471359065,2022-07-12T23:31:08Z,NULL,STCKPRO,0,STCK.PRO,$ETH.X NEW ARTICLE : If Ethere...
621,471357768,2022-07-12T23:22:08Z,NULL,Finscreener,1,Web,When Is the Next Bitcoin Halvi...
622,471357481,2022-07-12T23:20:13Z,NULL,Finscreener,0,Web,Intraday Crypto HeatMap $ETH.X...
623,471357461,2022-07-12T23:20:04Z,NULL,rickidyowens,1,iOS,$ETH.X wow if this actually we...
624,471356673,2022-07-12T23:14:55Z,Bullish,GodiTwits,5,iOS,$ETH.X $BTC.X This is the reve...
625,471356610,2022-07-12T23:14:30Z,NULL,Peterdaguru,0,iOS,$VGX.X if you not loading then...
626,471356248,2022-07-12T23:11:48Z,NULL,Decrypt,1,Zapier,$ETH.X Hackers Nab $8M in Ethe...
627,471356008,2022-07-12T23:10:12Z,Bullish,NoobInvestor2020,0,iOS,$ETH.X $SOL.X Happy Hour with ...
628,471355110,2022-07-12T23:03:52Z,Bearish,brad247,3,iOS,$DOGE.X $BTC.X $ETH.X Hey Cryp...
629,471355023,2022-07-12T23:03:22Z,Bullish,RobertFrost,5,,$SPY $ETH.X $BTC.X bears think...
630,471354135,2022-07-12T22:57:08Z,Bearish,McDreamy,2,iOS,$BTC.X wish I could short this...
631,471354088,2022-07-12T22:56:52Z,NULL,Hunna,2,Web,$ETH.X could be poo üí© but what...
632,471353712,2022-07-12T22:54:24Z,NULL,ChartLearning,1,Web,Why The Fed Has Created An Ama...
633,471353601,2022-07-12T22:53:48Z,Bearish,TheAnxiousJourney,6,,$BTC.X $ETH.X $DOGE.X Ponzis s...
634,471353184,2022-07-12T22:51:00Z,NULL,replyguy,2,,$ETH.X $BTC.X how many times w...
635,471352555,2022-07-12T22:46:35Z,NULL,aabbtrumpster,6,iOS,Dont watch your crypto fall in...
636,471351451,2022-07-12T22:38:40Z,Bearish,Ethman1994,1,Web,$ETH.X sell zone...
637,471350833,2022-07-12T22:33:52Z,Bullish,beachnit,0,Web,"$ETH.X BUY ZONE 
#AMZN üî•..."
638,471350141,2022-07-12T22:28:57Z,NULL,_StockDoc_,3,iOS,$ETH.X only down 33% in 30 day...
639,471349313,2022-07-12T22:23:15Z,NULL,Billionaireclubcollc,0,Web,Sandbox Publisher Animoca Bran...
640,471348515,2022-07-12T22:17:49Z,NULL,nickcap13,0,Web,"$ETH.X Hey guys, my friend and..."
641,471348316,2022-07-12T22:16:32Z,NULL,BlameBiden,1,iOS,$ETH.X $900s üëÄ...
642,471347398,2022-07-12T22:10:44Z,Bearish,Bearswin2,3,,$ETH.X This is my strategy and...
643,471346229,2022-07-12T22:04:03Z,Bullish,ApTogStr,0,iOS,$ETH.X when $10k?...
644,471345936,2022-07-12T22:02:17Z,NULL,_StockDoc_,2,iOS,$ETH.X the great inflation fra...
645,471345883,2022-07-12T22:01:58Z,NULL,jooshpak,1,Web,$ETH.X down to 900 soon...
646,471345558,2022-07-12T22:00:00Z,Bullish,RobertFrost,2,,$SPY $BTC.X $ETH.X party start...
647,471345425,2022-07-12T21:59:15Z,NULL,Jim_Young,0,iOS,$ETH.X Bwahahahaha...
648,471344989,2022-07-12T21:56:30Z,NULL,Btc_to_100k,0,iOS,"$BTC.X Hey guys, 

So I sent m..."
649,471344666,2022-07-12T21:54:27Z,NULL,Kane_Kane,2,iOS,$ETH.X scooping $600 soon...
650,471344219,2022-07-12T21:51:19Z,NULL,Billionaireclubcollc,0,Web,"Ether slips to $1,000, Animoca..."
651,471343881,2022-07-12T21:49:11Z,Bearish,nicky6god,8,Web,$BTC.X $SHIB.X $ETH.X $DOGE.X...
652,471343773,2022-07-12T21:48:36Z,Bearish,ShowMeYourAssets,1,iOS,$ETH.X crypto bros when the th...
653,471343477,2022-07-12T21:46:51Z,NULL,Decrypt,0,Zapier,Ethereum‚Äôs Vitalik Buterin Cla...
654,471341671,2022-07-12T21:36:21Z,NULL,Billionaireclubcollc,1,Web,US Treasury calls for public c...
655,471341465,2022-07-12T21:35:15Z,NULL,Paulrc123,1,iOS,$ETH.X missed out last time bu...
656,471341377,2022-07-12T21:34:46Z,NULL,Billionaireclubcollc,0,Web,Bitcoin and Ethereum: Seven-da...
657,471341307,2022-07-12T21:34:18Z,NULL,Dpaulson123,1,iOS,$ETH.X there no more volume.  ...
658,471341238,2022-07-12T21:33:54Z,Bearish,Ethman1994,1,Web,$ETH.X ummmkayyyyy...
659,471341192,2022-07-12T21:33:40Z,Bearish,Ethman1994,1,Web,$ETH.X downnnnnnnnnnn...
660,471341026,2022-07-12T21:32:48Z,NULL,Paulrc123,0,iOS,$ETH.X Love it and will love t...
661,471340846,2022-07-12T21:31:50Z,NULL,Thevaluetrend,0,Web,"$ETH.X black swan 
 
https://s..."
662,471340714,2022-07-12T21:31:12Z,NULL,Billionaireclubcollc,0,Web,Animoca Brands‚Äô Valuation Near...
663,471340651,2022-07-12T21:30:55Z,Bullish,TSCAG,1,,$ETH.X I need me some under $7...
664,471339913,2022-07-12T21:27:05Z,NULL,Big_Crypto,3,iOS,$ETH.X the more I come on this...
665,471339008,2022-07-12T21:22:09Z,NULL,BlameBiden,1,iOS,$ETH.X $990s incoming...
666,471338950,2022-07-12T21:21:49Z,Bullish,ApTogStr,0,iOS,$ETH.X why is thing not $10k a...
667,471338687,2022-07-12T21:20:33Z,NULL,Billionaireclubcollc,1,Web,SEC extends window to decide o...
668,471338649,2022-07-12T21:20:21Z,NULL,Decrypt,0,Zapier,"$ETH.X More Than 62,000 Crypto..."
669,471338481,2022-07-12T21:19:32Z,NULL,STCKPRO,0,STCK.PRO,$ETH.X NEW ARTICLE : Hackers S...
670,471338092,2022-07-12T21:17:26Z,Bullish,akamal89,0,Web,"$ETH.X 
 Two runners $ANIME an..."
671,471337302,2022-07-12T21:13:33Z,NULL,Billionaireclubcollc,3,Web,Ethereum Founder Vitalik Buter...
672,471335886,2022-07-12T21:06:33Z,NULL,WoLFoFWaLlStReET0007,0,,$ETH.X $999...
673,471335451,2022-07-12T21:04:23Z,NULL,Billionaireclubcollc,0,Web,Blockchain Gaming Publisher An...
674,471335148,2022-07-12T21:03:00Z,Bearish,Venge,9,iOS,$BTC.X This isn‚Äôt digital gold...
675,471334550,2022-07-12T21:00:18Z,Bearish,BruceBateman,3,iOS,$JASMY.X $BTC.X $ETH.X just le...
676,471333800,2022-07-12T20:56:48Z,NULL,Billionaireclubcollc,0,Web,Multicoin Capital raises $430M...
677,471333477,2022-07-12T20:55:09Z,Bullish,WallStCrook,1,iOS,@Billionaireclubcollc There ar...
678,471332745,2022-07-12T20:51:46Z,Bearish,rumneychel,2,iOS,$ETH.X  $BTC.X  Bears stop any...
679,471331412,2022-07-12T20:45:38Z,NULL,Rjay1,0,iOS,$ETH.X huh?...
680,471331255,2022-07-12T20:44:55Z,Bullish,Islanders71,14,Web,$AABB $BTC.X $ETH.X $LTC.X $XR...
681,471330940,2022-07-12T20:43:25Z,Bullish,Islanders71,9,Web,$AABB $BTC.X $ETH.X $LTC.X $XR...
682,471330932,2022-07-12T20:43:21Z,Bullish,Yolo,0,iOS,$ETH.X is it me or does etheri...
683,471329765,2022-07-12T20:38:18Z,Bullish,VegasVixShort,3,iOS,$ETH.X $ETHE https://dailyhodl...
684,471329752,2022-07-12T20:38:15Z,NULL,STCKPRO,0,STCK.PRO,$ETH.X NEW ARTICLE : ‚ÄòMove-to-...
685,471329249,2022-07-12T20:36:02Z,NULL,TomCatt222,0,,$ETH.X Letter to the honorable...
686,471329208,2022-07-12T20:35:52Z,NULL,Rjay1,0,iOS,$BTC.X $ETH.X $DOGE.X $SHIB.X ...
687,471328979,2022-07-12T20:34:53Z,NULL,Rjay1,1,iOS,$ETH.X  very close to my estim...
688,471328892,2022-07-12T20:34:28Z,NULL,Billionaireclubcollc,1,Web,French central bank head annou...
689,471328802,2022-07-12T20:34:04Z,NULL,ShartMarket,0,,"$ETH.X I added 1 at 900 bucks,..."
690,471328324,2022-07-12T20:32:18Z,NULL,Rjay1,2,iOS,$BTC.X $ETH.X $DOGE.X That‚Äôs t...
691,471328172,2022-07-12T20:31:46Z,NULL,Billionaireclubcollc,0,Web,Solana-Based NFT Marketplace M...
692,471327778,2022-07-12T20:30:15Z,NULL,Billionaireclubcollc,5,Web,Charlie Munger Bashes Crypto a...
693,471327340,2022-07-12T20:28:31Z,Bearish,TheAnxiousJourney,8,,$BTC.X $ETH.X $DOGE.X Crypto/P...
694,471326512,2022-07-12T20:25:05Z,Bearish,rusic1,2,iOS,$ETH.X crypto clowns! price ta...
695,471326378,2022-07-12T20:24:30Z,NULL,Trader_Jatt,0,,$ETH.X powder ready...
696,471324912,2022-07-12T20:18:46Z,NULL,Decrypt,0,Zapier,‚ÄòMove-to-Earn‚Äô Game Stepn Rene...
697,471324698,2022-07-12T20:18:00Z,NULL,Peterdaguru,2,iOS,$BTC.X $SKL.X $ETH.X check tha...
698,471324397,2022-07-12T20:16:59Z,NULL,Billionaireclubcollc,0,Web,7 Ways To Profit During A Cryp...
699,471324349,2022-07-12T20:16:49Z,NULL,Dpaulson123,1,iOS,$ETH.X who tf is buying this b...
700,471324344,2022-07-12T20:16:48Z,Bearish,SayLetsGoBrandon,2,iOS,$BTC $ETH.X $DOGE.X Biden to t...
701,471324029,2022-07-12T20:15:46Z,NULL,Dpaulson123,0,iOS,$ETH.X the last bounce was on ...
702,471323580,2022-07-12T20:14:19Z,Bearish,SPACWarrior,5,iOS,"$VYGVF $VGX.X 

https://ask.fd..."
703,471323036,2022-07-12T20:12:29Z,Bullish,Crumble_Buns,0,iOS,$ETH.X Im a long term bull but...
704,471322246,2022-07-12T20:10:00Z,NULL,Billionaireclubcollc,0,Web,ETH Price Analysis: This is th...
705,471321739,2022-07-12T20:08:28Z,NULL,Billionaireclubcollc,0,Web,Sri Lanka central bank reitera...
706,471321274,2022-07-12T20:07:17Z,NULL,Billionaireclubcollc,0,Web,Bitcoin Is Yet to Form a Resil...
707,471320797,2022-07-12T20:05:57Z,NULL,Billionaireclubcollc,0,Web,Gate Io Accelerates Global Exp...
708,471320529,2022-07-12T20:05:17Z,NULL,Joe_Shiesty,0,iOS,$ETH.X 1050 is gone if 990 doe...
709,471320511,2022-07-12T20:05:16Z,Bearish,apesrules,2,,$ETH.X your daily reminder tha...
710,471320214,2022-07-12T20:04:35Z,NULL,Billionaireclubcollc,0,Web,Bitcoin Miners in Texas Halt O...
711,471319769,2022-07-12T20:03:27Z,NULL,Billionaireclubcollc,0,Web,Binance Sets High KYC and AML ...
712,471319248,2022-07-12T20:02:07Z,NULL,Billionaireclubcollc,0,Web,Blockchain-based games see an ...
713,471318964,2022-07-12T20:01:29Z,NULL,SocratesWise,2,iOS,$ETH.X if I only I sold when i...
714,471318906,2022-07-12T20:01:20Z,NULL,tuningin,1,iOS,$ETH.X looking for a bounce ba...
715,471318527,2022-07-12T20:00:24Z,Bearish,SayLetsGoBrandon,6,iOS,$BTC.X $ETH.X $DOGE.X For all ...
716,471318261,2022-07-12T19:59:40Z,Bullish,AlanTradesNY,1,iOS,Just bought more $ETH.X on pan...
717,471317862,2022-07-12T19:58:22Z,Bullish,TONY_APE_MONTANA,3,iOS,"$BTC.X $ETH.X $AMC 

remember ..."
718,471317438,2022-07-12T19:56:59Z,Bullish,bolo4,2,iOS,$ETH.X strong support at $500 ...
719,471316900,2022-07-12T19:55:23Z,Bullish,Trbostocks,1,Web,$ETH.X all i know is under 1k ...
720,471316765,2022-07-12T19:55:00Z,Bearish,hitchslaps,4,Web,$BTC.X utter destruction right...
721,471316495,2022-07-12T19:54:12Z,NULL,STCKPRO,1,STCK.PRO,$ETH.X NEW ARTICLE : Ether tum...
722,471315974,2022-07-12T19:52:35Z,NULL,bshipper,0,,"$ETH.X $BTC.X $DOGE.X  
Down a..."
723,471315398,2022-07-12T19:50:45Z,Bullish,Deep_Value_Crypto,2,Web,$ZEC.X  Zcash Aphorisms of Wis...
724,471315118,2022-07-12T19:49:49Z,NULL,TheArmchairEconomist,1,,$ETH.X this is pretty much wha...
725,471314924,2022-07-12T19:49:09Z,Bullish,ExpiredOTM,3,iOS,$ETH.X $BTC.X bears are cucks...
726,471314658,2022-07-12T19:48:09Z,NULL,ShartMarket,0,,$ETH.X...
727,471314454,2022-07-12T19:47:33Z,NULL,OziG,2,Web,$ETH.X next stop 500?...
728,471313784,2022-07-12T19:45:15Z,NULL,jackdamn,6,Web,Cryptos selling off a bit toda...
729,471313756,2022-07-12T19:45:11Z,NULL,pb_syr,0,,$ETH.X sorry laser eyes...
730,471313267,2022-07-12T19:43:42Z,NULL,Billionaireclubcollc,1,Web,Animoca Brands raises $75M to ...
731,471312844,2022-07-12T19:42:25Z,Bearish,SayLetsGoBrandon,5,iOS,$BTC.X $ETH.X $DOGE.X When Bid...
732,471311826,2022-07-12T19:39:37Z,Bearish,ZaddyWilkinsonXRP,1,iOS,$ETH.X I love when ETH sinks b...
733,471311663,2022-07-12T19:39:06Z,NULL,_StockDoc_,0,iOS,$ETH.X hahahaha...
734,471310851,2022-07-12T19:36:34Z,Bearish,shannontrades659,1,Web,$SPY $QQQ $IWM what a day to b...
735,471310844,2022-07-12T19:36:33Z,Bearish,SayLetsGoBrandon,3,iOS,$BTC.X $ETH.X $DOGE.X ....
736,471310305,2022-07-12T19:34:50Z,Bullish,TONY_APE_MONTANA,5,iOS,"$BTC.X $ETH.X $AMC $GME 

It‚Äôs..."
737,471310240,2022-07-12T19:34:34Z,NULL,Billionaireclubcollc,1,Web,Picpay to Offer Cryptocurrency...
738,471309908,2022-07-12T19:33:28Z,NULL,WhyBearsArgueAndReport,0,iOS,$BTC.X $DOGE.X $ETH.X if you t...
739,471309625,2022-07-12T19:32:32Z,NULL,aabbtrumpster,7,iOS,$Bitty down!!  Ethy down!!! Sa...
740,471309018,2022-07-12T19:30:28Z,NULL,gthoya,1,iOS,"$BTC.X $ETH.X 
Agree. ST has b..."
741,471308801,2022-07-12T19:29:39Z,Bearish,TheAnxiousJourney,4,,$BTC.X $ETH.X $DOGE.X...
742,471308079,2022-07-12T19:27:13Z,NULL,GeekOnToast,0,,$ETH.X $BTC.X $YASHA.X...
743,471307880,2022-07-12T19:26:37Z,NULL,Peterdaguru,0,iOS,$BTC.X 16.9 $DOGE.X .03 $ETH.X...
744,471307768,2022-07-12T19:26:13Z,NULL,LiveLucky9,3,iOS,$BTC.X $ETH.X  death is near...
745,471306909,2022-07-12T19:23:20Z,NULL,Honeycombz11,1,Web,$ETH.X It&#39;s definitely goi...
746,471306898,2022-07-12T19:23:19Z,NULL,CrzyChris5,11,,$BTC.X $ETH.X Why are there so...
747,471306773,2022-07-12T19:22:52Z,Bearish,Epic_Economics,1,iOS,$ETH.X simps getting wrecked. ...
748,471306353,2022-07-12T19:21:18Z,Bearish,TheRealLMGoali,5,iOS,"$BTC.X $ETH.X 
LOL the crash n..."
749,471306192,2022-07-12T19:20:47Z,Bearish,TheRealLMGoali,2,iOS,"$BTC.X $ETH.X $SPY $NASDAQ 
Im..."
750,471305341,2022-07-12T19:17:48Z,NULL,bolo4,3,iOS,"$ETH.X it may drop below 1k , ..."
751,471304793,2022-07-12T19:15:51Z,NULL,CrzyChris5,4,,$ETH.X $BTC.X Ethereum already...
752,471304508,2022-07-12T19:14:45Z,NULL,Gosha7777,0,Web,$ETH.X How low can just go doe...
753,471304468,2022-07-12T19:14:35Z,Bullish,Penny_Cruncher,0,iOS,$BTC.X $ETH.X...
754,471304204,2022-07-12T19:13:42Z,NULL,STCKPRO,0,STCK.PRO,$ETH.X NEW ARTICLE : Ethereum&...
755,471304180,2022-07-12T19:13:37Z,NULL,CrzyChris5,3,,$BTC.X $ETH.X Getting closer a...
756,471303968,2022-07-12T19:12:58Z,NULL,Buyhighsellreallow,0,iOS,"$ETH.X oops
Didn‚Äôt sell at 120..."
757,471302461,2022-07-12T19:08:02Z,NULL,xyz2346,0,iOS,$DIA $QQQ $SPY $BTC.X $ETH.X w...
758,471302381,2022-07-12T19:07:48Z,NULL,Buy_or_Bust,0,iOS,$ETH.X All bull shit...
759,471302038,2022-07-12T19:06:41Z,NULL,JonnyBoyBull,0,iOS,$BTC.X  $ETH.X  interesting co...
760,471301323,2022-07-12T19:04:19Z,NULL,wolfgannfibwave,0,Web,$BTC.X $ETH.X will be the only...
761,471300515,2022-07-12T19:01:36Z,NULL,hebrewhammer78,0,iOS,$ETH.X just another day in cry...
762,471300385,2022-07-12T19:01:11Z,Bearish,Honeycombz11,0,Web,$ETH.X $BTC.X...
763,471298350,2022-07-12T18:53:53Z,NULL,LukePUMPWalker,1,iOS,$BTC.X $ETH.X $DOGE.X $ADA.X $...
764,471298131,2022-07-12T18:53:01Z,Bullish,Peterdaguru,1,iOS,$BTC.X $ETH.X $DOGE.X $ADA.X m...
765,471297891,2022-07-12T18:51:59Z,Bearish,Pitbullbearista,1,iOS,$ETH.X every single oscillator...
766,471297042,2022-07-12T18:48:58Z,Bullish,edwardleung,5,Web,$ETH.X will be laughing at thi...
767,471296809,2022-07-12T18:48:05Z,NULL,Coffeeinmyveins,0,,$ETH.X something wrong with RH...
768,471296766,2022-07-12T18:47:54Z,NULL,Coffeeinmyveins,0,,$ETH.X some tjing weong withRH...
769,471295842,2022-07-12T18:44:09Z,NULL,4diamondGeneraldoge,1,iOS,$ETH.X staked 4 and regretting...
770,471294800,2022-07-12T18:39:45Z,Bullish,JRatBullReturns,12,iOS,$GME $AMC $BTC.X $ETH.X $DOGE....
771,471294572,2022-07-12T18:38:45Z,Bearish,MisterGreen,3,,$ETH.X $XRP.X $DOGE.X $ADA.X $...
772,471293047,2022-07-12T18:33:08Z,NULL,STCKPRO,0,STCK.PRO,$ETH.X NEW ARTICLE : Ethereum ...
773,471292640,2022-07-12T18:31:45Z,Bullish,LuckyLicks333,4,iOS,$ETH.X bought 1 coin for fun...
774,471292144,2022-07-12T18:29:50Z,NULL,Billionaireclubcollc,0,Web,( $UST.X) ‚Äì The State of Crypt...
775,471291865,2022-07-12T18:28:46Z,NULL,KingJPowell,1,Web,$SPY $BTX.X $BTC.X $ETH.X $ARK...
776,471291317,2022-07-12T18:26:44Z,Bullish,CaptnSendy,1,iOS,$ETH.X this next leg down is g...
777,471291294,2022-07-12T18:26:40Z,NULL,leemonade,12,iOS,$HBAR.X Fun fact. Hedera is th...
778,471291265,2022-07-12T18:26:33Z,NULL,KingJPowell,1,Web,$SPY $BTC.X $ETH.X $XLM.X $coi...
779,471290835,2022-07-12T18:24:54Z,NULL,Billionaireclubcollc,0,Web,3AC co-founder returns to Twit...
780,471288518,2022-07-12T18:16:04Z,NULL,JackD1875,1,Web,$ETH.X New accumulation phase ...
781,471287368,2022-07-12T18:11:11Z,NULL,Melvinscousin,0,iOS,$ETH.X just checked the Big Ma...
782,471286689,2022-07-12T18:08:08Z,NULL,Decrypt,0,Zapier,Celsius Recovers Over $400M in...
783,471285794,2022-07-12T18:04:26Z,NULL,PrinceNJ,2,iOS,$BTC.X $ETH.X $LTC.X future of...
784,471284885,2022-07-12T18:00:46Z,Bullish,Pizzleking,1,Web,$ETH.X Order place for that dr...
785,471282371,2022-07-12T17:50:40Z,NULL,Billionaireclubcollc,0,Web,More Than $122M In Profits For...
786,471281630,2022-07-12T17:47:52Z,Bullish,BelugaSperm,4,iOS,$ETH.X I hope this just mega m...
787,471281282,2022-07-12T17:46:19Z,Bearish,Januarysveryown,0,Web,$ETH.X so garbage lol...
788,471279120,2022-07-12T17:37:15Z,NULL,Billionaireclubcollc,0,Web,"2,582 ETH Worth $2M Was Just B..."
789,471276741,2022-07-12T17:27:23Z,NULL,Billionaireclubcollc,0,Web,BoE official compares current ...
790,471276228,2022-07-12T17:25:18Z,NULL,CandlesINFLATED,1,iOS,$ETH.X please unlock my Ethere...
791,471275814,2022-07-12T17:23:37Z,NULL,Billionaireclubcollc,1,Web,Tothesmart Is an Exclusive New...
792,471274859,2022-07-12T17:19:38Z,NULL,UPhone,0,iOS,$BTC.X $ETH.X seriously what‚Äôs...
793,471274340,2022-07-12T17:17:17Z,NULL,STCKPRO,0,STCK.PRO,"$ETH.X NEW ARTICLE : 2,582 ETH..."
794,471273016,2022-07-12T17:11:41Z,NULL,oneofthesedays_,2,,$ETH.X looking for 8 cents to ...
795,471270833,2022-07-12T17:02:57Z,Bullish,DeFi_Wookie,1,iOS,"$ETH.X I hate to admit it, but..."
796,471268202,2022-07-12T16:53:13Z,Bullish,Imdumb2022,1,Web,$1EARTH.X $ETH.X $BTC.X channe...
797,471267005,2022-07-12T16:49:11Z,Bearish,Honeycombz11,3,Web,$ETH.X There is going to be on...
798,471266440,2022-07-12T16:47:16Z,NULL,Billionaireclubcollc,0,Web,How to build a passive income ...
799,471266136,2022-07-12T16:46:06Z,NULL,StockTrappa,0,,$ETH.X  1450 otw...
800,471264904,2022-07-12T16:41:25Z,NULL,Billionaireclubcollc,1,Web,Citron‚Äôs Andrew Left Calls Cry...
801,471263759,2022-07-12T16:37:18Z,NULL,Billionaireclubcollc,0,Web,Binance Implements AML And KYC...
802,471263708,2022-07-12T16:37:07Z,NULL,STCKPRO,1,STCK.PRO,$ETH.X NEW ARTICLE : ETH Price...
803,471262885,2022-07-12T16:34:25Z,NULL,Layla02,0,,$ETH.X buy the DIP before &#39...
804,471261001,2022-07-12T16:27:37Z,NULL,replyguy,0,,$ETH.X is it possible to disru...
805,471258279,2022-07-12T16:18:09Z,NULL,kevweo,1,iOS,$LTC.X I have consolidated my ...
806,471257052,2022-07-12T16:14:02Z,NULL,VegasVixShort,4,iOS,$ETH.X $ETHE üòä‚úÖüëç...
807,471255613,2022-07-12T16:08:35Z,Bullish,Islanders71,0,Web,$T $V $MA $BTC.X $ETH.X Load u...
808,471255350,2022-07-12T16:07:42Z,NULL,9owls,0,Web,$ETH.X This is pretty cool. Yo...
809,471254798,2022-07-12T16:05:37Z,NULL,Billionaireclubcollc,1,Web,Playboy Joins The Sandbox Virt...
810,471254750,2022-07-12T16:05:23Z,NULL,oldswedebich,2,iOS,$ETH.X crazy how it was $3K th...
811,471253831,2022-07-12T16:02:02Z,NULL,John88888888,0,iOS,$ETH.X Chinese bank run? Solut...
812,471252703,2022-07-12T15:58:35Z,NULL,VegasVixShort,2,iOS,$ETH.X $ETHE ‚úÖüëç...
813,471249943,2022-07-12T15:50:27Z,NULL,Marketician,3,Web,$BTC.X looks like bear flags a...
814,471247559,2022-07-12T15:43:07Z,NULL,STCKPRO,1,STCK.PRO,$ETH.X NEW ARTICLE : &quot;Bar...
815,471247032,2022-07-12T15:41:39Z,Bullish,DONALD_TRUMP,4,iOS,$BTC.X $ETH.X everyone is obse...
816,471246431,2022-07-12T15:39:53Z,Bullish,spcemasterjedi0101,2,iOS,"$BITF keep on mining. 

Only g..."
817,471245741,2022-07-12T15:37:45Z,NULL,Billionaireclubcollc,1,Web,$SOL.X  Snaps Recent Losing St...
818,471240787,2022-07-12T15:23:17Z,Bearish,Ethman1994,0,Web,$ETH.X when&#39;s this Shipshe...
819,471240549,2022-07-12T15:22:34Z,NULL,Benzinga,0,Web,Online Brokerage Firm M1 To La...
820,471239349,2022-07-12T15:18:59Z,Bullish,Missing_Link,2,,$ETH.X $$BNB.X $ALGO.X $MATIC....
821,471234637,2022-07-12T15:05:56Z,Bearish,askbob,0,,$ETH.X how is that eth bridge ...
822,471234544,2022-07-12T15:05:41Z,Bullish,jmoney091,0,iOS,$ETH.X back to 1300...
823,471233890,2022-07-12T15:03:39Z,NULL,rickidyowens,0,iOS,$ETH.X yes under $1000 please ...
824,471232830,2022-07-12T15:00:19Z,NULL,STCKPRO,0,STCK.PRO,$ETH.X NEW ARTICLE : Ethereum ...
825,471229837,2022-07-12T14:50:49Z,NULL,TalkMarkets,1,TalkMarkets,#Ethereum Slowly Dropping To 1...
826,471229505,2022-07-12T14:49:49Z,NULL,MahketMaka,0,,$VGX.X the democrats need more...
827,471227555,2022-07-12T14:43:04Z,NULL,ARMRreport,1,Web,Following this #crypto meltdow...
828,471227046,2022-07-12T14:41:17Z,Bullish,Reddollars456,2,,$ETH.X go under 1k im DCA snip...
829,471226760,2022-07-12T14:40:22Z,Bearish,CleopatraQueen,0,Web,$ETH.X tell me what is your ta...
830,471226234,2022-07-12T14:38:36Z,NULL,Billionaireclubcollc,1,Web,Vleppo and Tokel Make NFT Righ...
831,471225965,2022-07-12T14:37:45Z,NULL,bshipper,0,,"$ETH.X $BTC.X $DOGE.X  

W
O
W..."
832,471224777,2022-07-12T14:33:50Z,Bearish,ShowMeYourAssets,1,iOS,$ETH.X greater fools theory...
833,471223310,2022-07-12T14:29:17Z,Bearish,TheAnxiousJourney,2,,$BTC.X $ETH.X $DOGE.X  Be care...
834,471223282,2022-07-12T14:29:11Z,NULL,Billionaireclubcollc,0,Web,"SOL Crashes 7% Weekly, is $27 ..."
835,471221334,2022-07-12T14:23:18Z,Bearish,Bearswin2,3,,$BTC.X $ETH.X  Did you idiots ...
836,471220253,2022-07-12T14:20:10Z,Bullish,__SuNdAyGrAvY__,14,Web,"$DKNG $ETH.X $AABB $LTC.X  
EA..."
837,471219962,2022-07-12T14:19:27Z,NULL,STCKPRO,0,STCK.PRO,$ETH.X NEW ARTICLE : Michael S...
838,471218069,2022-07-12T14:14:19Z,NULL,blackwatersmash,0,Web,$ETH.X Everyone worried that t...
839,471217732,2022-07-12T14:13:26Z,NULL,StocktwitsNFTs,4,Web,Lets take a look at the NFT ma...
840,471217498,2022-07-12T14:12:49Z,NULL,MahketMaka,6,,$VGX.X $BTC.X $ETH.X $LUNC.X S...
841,471217365,2022-07-12T14:12:26Z,NULL,UPhone,0,iOS,$ETH.X the moment the moonboys...
842,471216569,2022-07-12T14:10:18Z,NULL,oldswedebich,1,iOS,$ETH.X have a limit buy set to...
843,471216365,2022-07-12T14:09:43Z,Bullish,stockydave22,1,,$ETH.X ok bought more getting ...
844,471215346,2022-07-12T14:07:11Z,NULL,Billionaireclubcollc,2,Web,Bitcoin price indicator that m...
845,471209262,2022-07-12T13:52:21Z,Bullish,NoobInvestor2020,1,iOS,$ENJ.X $JASMY.X $ETH.X #GACC T...
846,471209135,2022-07-12T13:52:00Z,Bullish,Tepjeck,4,Web,REVERSAL ALERT on $HSTO - its ...
847,471209059,2022-07-12T13:51:49Z,NULL,Billionaireclubcollc,2,Web,Founders of bankrupt crypto he...
848,471206683,2022-07-12T13:45:33Z,Bullish,Byhiselo,6,Web,$QNT.X $BTC.X $ETH.X $BNB.X $S...
849,471206020,2022-07-12T13:43:44Z,Bullish,__SuNdAyGrAvY__,8,Web,"$AABB $ETH.X $LTC.X $DKNG  
an..."
850,471205402,2022-07-12T13:42:04Z,Bullish,Solus95,0,iOS,$ETH.X wishing I had more dry ...
851,471205132,2022-07-12T13:41:15Z,Bearish,xyz2346,2,iOS,$DIA $QQQ $SPY $BTC.X $ETH.X p...
852,471204073,2022-07-12T13:38:16Z,Bullish,omaldj68,0,iOS,$ETH.X pumppppp...
853,471203967,2022-07-12T13:37:55Z,NULL,Billionaireclubcollc,0,Web,Bitcoin miner prices will cont...
854,471201998,2022-07-12T13:31:46Z,Bullish,GrannyDip,0,iOS,$ETH.X...
855,471201866,2022-07-12T13:31:14Z,Bullish,Actionbronson,1,Web,$ETH.X...
856,471201753,2022-07-12T13:30:48Z,Bullish,Deep_Value_Crypto,2,Web,$ZEC.X  new batch of Zcash pri...
857,471201665,2022-07-12T13:30:26Z,NULL,Billionaireclubcollc,1,Web,Ethereum co-founder responds t...
858,471201331,2022-07-12T13:29:05Z,NULL,200ProcentTetna,4,,$QQQ $SPY $BTC.X $ETH.X $TSLA...
859,471200465,2022-07-12T13:25:26Z,NULL,Billionaireclubcollc,2,Web,$48M Longs Liquidated In An Ho...
860,471199795,2022-07-12T13:22:24Z,NULL,TopStonks,0,TopStonks,$ETH.X one of the most mention...
861,471199167,2022-07-12T13:19:43Z,NULL,CrzyChris5,2,,$BTC.X $ETH.X This is strating...
862,471197564,2022-07-12T13:12:52Z,NULL,A76er76er,1,Web,$ETH.X spat up all gains howev...
863,471196941,2022-07-12T13:09:56Z,Bullish,BelugaSperm,0,iOS,$ETH.X...
864,471195126,2022-07-12T13:02:25Z,Bearish,bearingling,2,,$BTC.X  $ETH.X  $GBTC  $DOGE.X...
865,471194211,2022-07-12T12:59:01Z,Bullish,9owls,1,Web,$ETH.X The Merge makes the coi...
866,471194001,2022-07-12T12:57:51Z,Bearish,ReginaGeorge_,3,Web,$SPY $QQQ $ETH.X Are u losers ...
867,471193515,2022-07-12T12:55:16Z,NULL,STCKPRO,1,STCK.PRO,$ETH.X NEW ARTICLE : Ethereum ...
868,471192297,2022-07-12T12:48:49Z,NULL,beenwilli,0,iOS,$ETH.X plz dip to under $1k al...
869,471191189,2022-07-12T12:42:36Z,NULL,Billionaireclubcollc,0,Web,Dogecoin (DOGE) Price Drops Lo...
870,471190752,2022-07-12T12:40:02Z,NULL,TraderLeibniz,2,Web,@Dessert_Analyst @TheChartiste...
871,471190440,2022-07-12T12:38:06Z,Bullish,Chief_Trading,1,iOS,$ETH.X this will bust 1k again...
872,471190198,2022-07-12T12:36:49Z,Bullish,9owls,1,Web,$ETH.X $BTC.X It makes sense t...
873,471189987,2022-07-12T12:35:36Z,NULL,Billionaireclubcollc,0,Web,"BTC Below $20,000 as Markets R..."
874,471189845,2022-07-12T12:34:53Z,Bullish,__SuNdAyGrAvY__,5,Web,$AABB this restaurant is ours ...
875,471187742,2022-07-12T12:22:53Z,NULL,Billionaireclubcollc,0,Web,Swiss Post‚Äôs banking arm devel...
876,471187600,2022-07-12T12:22:00Z,Bearish,DJRick,0,Web,$BTC.X $ETH.X very weak bounce...
877,471186640,2022-07-12T12:16:01Z,NULL,genetic,1,iOS,$ETH.X see y‚Äôall at $600...
878,471186106,2022-07-12T12:12:15Z,NULL,TopStonks,1,TopStonks,$ETH.X working its way into th...
879,471185279,2022-07-12T12:07:06Z,NULL,Billionaireclubcollc,3,Web,$10K Bitcoin (BTC) More Likely...
880,471184226,2022-07-12T12:01:03Z,Bearish,Ethman1994,3,Web,$ETH.X ...
881,471184147,2022-07-12T12:00:46Z,Bearish,Ethman1994,1,Web,$ETH.X dump this trash to 800...
882,471183644,2022-07-12T11:58:12Z,Bearish,SayLetsGoBrandon,7,iOS,$BTC.X $ETH.X $DOGE.X It‚Äôs alw...
883,471183169,2022-07-12T11:54:11Z,NULL,Billionaireclubcollc,0,Web,NEON token is super-hot. What ...
884,471183147,2022-07-12T11:53:58Z,NULL,STCKPRO,0,STCK.PRO,$ETH.X NEW ARTICLE : ‚ÄòPretty O...
885,471182986,2022-07-12T11:52:31Z,NULL,Billionaireclubcollc,0,Web,Celsius Debt Lower to Around U...
886,471182104,2022-07-12T11:44:56Z,NULL,Billionaireclubcollc,0,Web,Dogecoin (DOGE) Foundation Dir...
887,471181597,2022-07-12T11:40:43Z,NULL,Billionaireclubcollc,0,Web,Korean fintech giant plans to ...
888,471181531,2022-07-12T11:40:04Z,Bullish,__SuNdAyGrAvY__,2,Web,$ETH.X LETS MAKE SOME MONEY!!!...
889,471181052,2022-07-12T11:36:26Z,Bullish,__SuNdAyGrAvY__,8,Web,"$AABB PT88.00 
$ETH.X PT 15,00..."
890,471181043,2022-07-12T11:36:20Z,NULL,Billionaireclubcollc,0,Web,Nigerian Mobility Fintech Secu...
891,471179812,2022-07-12T11:26:35Z,NULL,Billionaireclubcollc,0,Web,U.S. trademark and copyright o...
892,471179699,2022-07-12T11:25:34Z,NULL,TheFallofAdam,1,iOS,"$SHIB.X $BTC.X $ETH.X 

Wake &..."
893,471179683,2022-07-12T11:25:21Z,NULL,Billionaireclubcollc,0,Web,Three Arrows Capital to Seek A...
894,471178905,2022-07-12T11:18:12Z,NULL,lusoSpanishTrader,0,,$ETH.X phishing attacks doesn&...
895,471178622,2022-07-12T11:15:50Z,NULL,OTC_EMPRESS,1,,$ETH.X $DOGE.X reload time...
896,471178547,2022-07-12T11:15:10Z,NULL,Billionaireclubcollc,2,Web,Spain to Offer Grants for Meta...
897,471178220,2022-07-12T11:11:48Z,NULL,Decrypt,0,Zapier,Hackers Nab $8M in Ethereum vi...
898,471178199,2022-07-12T11:11:36Z,NULL,STCKPRO,0,STCK.PRO,$ETH.X NEW ARTICLE : Hackers N...
899,471177990,2022-07-12T11:09:25Z,NULL,Billionaireclubcollc,0,Web,Everscale Trail-Blazes Through...
900,471177985,2022-07-12T11:09:23Z,NULL,BlameBiden,0,iOS,$ETH.X nice real nice...
901,471177768,2022-07-12T11:07:06Z,Bullish,DeFi_Wookie,1,iOS,$ETH.X $BTC.X $QQQ $spy RBOB g...
902,471177353,2022-07-12T11:02:57Z,NULL,Billionaireclubcollc,2,Web,The UK‚Äôs largest Bitcoin confe...
903,471176811,2022-07-12T10:59:01Z,NULL,Billionaireclubcollc,0,Web,Bitcoin price hits 7-day low a...
904,471176731,2022-07-12T10:57:55Z,Bearish,funds_are_safu,1,iOS,$BTC.X looking bad $ETH.X...
905,471175903,2022-07-12T10:47:02Z,Bullish,Rogue80,1,,$BTC.X $ETH.X XRP.X G20 meetin...
906,471175551,2022-07-12T10:42:08Z,NULL,Billionaireclubcollc,2,Web,Texas Bitcoin (BTC) Miners Pau...
907,471175392,2022-07-12T10:39:46Z,NULL,bearishbull444,5,iOS,$BTC.X $ETH.X...
908,471175076,2022-07-12T10:35:03Z,Bullish,DeFi_Wookie,0,iOS,$ETH.X 90 supply cut coming...
909,471174689,2022-07-12T10:30:00Z,NULL,STCKPRO,0,STCK.PRO,$ETH.X NEW ARTICLE : Ethereum ...
910,471174574,2022-07-12T10:28:15Z,NULL,Billionaireclubcollc,1,Web,SHIB Crashes 10% Over the Week...
911,471174521,2022-07-12T10:27:14Z,NULL,DiabloInvestment,0,Web,$ETH.X how much lower can it p...
912,471174260,2022-07-12T10:22:47Z,NULL,Billionaireclubcollc,0,Web,Bank of Russia opposes private...
913,471174079,2022-07-12T10:20:03Z,Bullish,Mistakin,0,iOS,$ETH.X $500-700 ü§∑üèª‚Äç‚ôÇÔ∏è...
914,471174056,2022-07-12T10:19:37Z,NULL,Billionaireclubcollc,0,Web,How does a crypto hedge fund c...
915,471173853,2022-07-12T10:15:31Z,NULL,Rjay1,2,iOS,$ATER $BTC.X $ETH.X $AMC $GME ...
916,471173611,2022-07-12T10:10:52Z,NULL,Billionaireclubcollc,0,Web,Over $8 Million Lost in a Unis...
917,471173551,2022-07-12T10:09:50Z,Bullish,DylanJudkins1,0,Web,$ETH.X  Top analyst price targ...
918,471173269,2022-07-12T10:05:13Z,Bearish,Jamaritr8dr,3,,"$ETH.X üì£KEEP DROPPINGüì£
I want ..."
919,471173027,2022-07-12T10:03:38Z,NULL,Billionaireclubcollc,0,Web,Access denied for crypto-ownin...
920,471172772,2022-07-12T10:00:49Z,Bearish,CryptoNewsAlerts,1,Web,"$ETH.X  
https://thecryptobasi..."
921,471172691,2022-07-12T09:59:37Z,NULL,Radu10,11,,"$BTC.X $ETH.X 

The true stabl..."
922,471172611,2022-07-12T09:57:36Z,NULL,lusoSpanishTrader,1,,$ETH.X wouldn&#39;t short near...
923,471172556,2022-07-12T09:56:26Z,Bearish,hitsblunt,1,Web,$BTC.X $ETH.X short every dumb...
924,471172432,2022-07-12T09:53:26Z,NULL,ONLY_SQUEEZE_PLAY,15,Web,"$ATER FREAKING BULLISH!! 
BOAR..."
925,471172124,2022-07-12T09:47:03Z,NULL,STCKPRO,1,STCK.PRO,$ETH.X NEW ARTICLE : New Ether...
926,471170924,2022-07-12T09:18:14Z,Bearish,Ethman1994,0,Web,$ETH.X 900 by morning...
927,471170743,2022-07-12T09:13:33Z,NULL,Decrypt,0,Zapier,$ETH.X GameStop Opens Ethereum...
928,471170023,2022-07-12T08:58:31Z,Bearish,200ProcentTetna,4,,$BTC.X $QQQ $SPY $ETH.X $TSLA ...
929,471169968,2022-07-12T08:57:08Z,NULL,STCKPRO,1,STCK.PRO,$ETH.X NEW ARTICLE : Despite A...
930,471169737,2022-07-12T08:51:53Z,Bullish,__SuNdAyGrAvY__,11,Web,$AABB top of the morning to ya...
931,471169423,2022-07-12T08:43:09Z,Bearish,hitsblunt,0,Web,$ETH.X $BTC.X  it&#39;s over...
932,471169168,2022-07-12T08:35:04Z,NULL,EZMoneyBull,0,iOS,$ETH.X do we think Ethereum is...
933,471169082,2022-07-12T08:32:46Z,Bullish,Crypto_Jim,1,,$ETH.X bought 5 more eth here ...
934,471169012,2022-07-12T08:31:13Z,Bullish,jaderuwolt,0,Web,$ETH.X Y&#39;all going to have...
935,471168631,2022-07-12T08:21:55Z,Bullish,jaderuwolt,0,Web,$ETH.X WTH man      .............
936,471167458,2022-07-12T07:48:11Z,Bearish,The__Warthog,2,iOS,$ETH.X can you say bull trap? ...
937,471167175,2022-07-12T07:37:57Z,Bearish,TheRealLMGoali,1,iOS,$BTC.X will go to 10k than bac...
938,471167025,2022-07-12T07:32:55Z,Bearish,TheAnxiousJourney,4,,$BTC.X $ETH.X $DOGE.X Crypto d...
939,471166783,2022-07-12T07:24:28Z,NULL,hsnbrg,1,Web,$ETH.X If $880 doesn&#39;t hol...
940,471166563,2022-07-12T07:16:08Z,Bearish,TheAnxiousJourney,2,,$BTC.X $ETH.X $DOGE.X All Ponz...
941,471166467,2022-07-12T07:13:16Z,Bullish,RoryGooseberry1,0,Web,$ETH.X  Top analyst price targ...
942,471166456,2022-07-12T07:12:46Z,NULL,KRowland,2,Web,$BTC.X $ETH.X Crypto JUST made...
943,471166341,2022-07-12T07:09:29Z,NULL,Bidentickledme69,1,iOS,$ETH.X I heard this is probabl...
944,471166083,2022-07-12T07:01:05Z,NULL,lusoSpanishTrader,1,,$ETH.X stock futures remain re...
945,471165871,2022-07-12T06:53:16Z,NULL,STCKPRO,0,STCK.PRO,$ETH.X NEW ARTICLE : GameStop&...
946,471165677,2022-07-12T06:46:01Z,NULL,leveraged2infinity,0,,$BTC.X $ETH.X  https://i.gifer...
947,471165631,2022-07-12T06:44:01Z,NULL,TalkMarkets,0,TalkMarkets,#Bitcoin Elliott Wave Next Leg...
948,471165519,2022-07-12T06:39:37Z,Bearish,Honeycombz11,6,Web,$ETH.X $BTC.X imagine how reta...
949,471165017,2022-07-12T06:23:23Z,NULL,Numimaker,1,iOS,$ETH.X $BTC.X When Binance com...
950,471164981,2022-07-12T06:22:14Z,Bearish,BidensSafetyHelmet,2,iOS,$BTC.X $ETH.X Brace yourselves...
951,471164653,2022-07-12T06:12:35Z,NULL,STCKPRO,0,STCK.PRO,$ETH.X NEW ARTICLE : Uniswap U...
952,471163167,2022-07-12T05:32:14Z,NULL,STCKPRO,0,STCK.PRO,$ETH.X NEW ARTICLE : Ethereum ...
953,471163129,2022-07-12T05:31:24Z,NULL,TopStonks,0,TopStonks,$ETH.X seeing an uptick in cha...
954,471162831,2022-07-12T05:23:41Z,NULL,_StockDoc_,2,iOS,$ETH.X should be around 800 on...
955,471161936,2022-07-12T05:04:58Z,NULL,jbthuds,0,iOS,$ETH.X triple dig...
956,471161794,2022-07-12T05:02:40Z,Bullish,MF__DOOM,2,iOS,$ETH.X double DD slopes on the...
957,471161782,2022-07-12T05:02:34Z,Bearish,TomCatt222,0,,"$ETH.X 

https://youtu.be/AL9P..."
958,471161638,2022-07-12T04:59:54Z,NULL,Buy_or_Bust,0,iOS,$ETH.X 1125 retest by noon tom...
959,471161508,2022-07-12T04:56:58Z,Bullish,MF__DOOM,2,iOS,$SOS $RIOT $MARA will most lik...
960,471161252,2022-07-12T04:51:24Z,NULL,STCKPRO,1,STCK.PRO,$ETH.X NEW ARTICLE : TA: Ether...
961,471161154,2022-07-12T04:49:26Z,NULL,Judy11,0,iOS,$ETH.X omg ü§¶‚Äç‚ôÄÔ∏è just don‚Äôt buy...
962,471160596,2022-07-12T04:39:24Z,Bearish,SethQue,5,iOS,"$SPY $QQQ $BTC.X $ETH.X 

Were..."
963,471160321,2022-07-12T04:35:04Z,NULL,Money_Heist_Official,2,iOS,$BTC.X $DOGE.X $ETH.X  $LTC.X ...
964,471160235,2022-07-12T04:33:26Z,Bullish,blackeagle7,0,,"$BTC.X $ETH.X 

You should be ..."
965,471159909,2022-07-12T04:28:04Z,NULL,bighaas,1,iOS,$ETH.X give me 1122 and I‚Äôll s...
966,471159828,2022-07-12T04:26:49Z,Bearish,SammyStocks22,3,Web,$BTC.X $ETH.X  how the hell do...
967,471159709,2022-07-12T04:25:10Z,NULL,Chuckcuck,0,iOS,$ETH.X So with this whole voya...
968,471159075,2022-07-12T04:14:24Z,NULL,ElliottwaveForecast,1,Web,$ETH.X #ethereum favors (2) bo...
969,471158895,2022-07-12T04:11:08Z,NULL,STCKPRO,0,STCK.PRO,$ETH.X NEW ARTICLE : Origin Pr...
970,471158831,2022-07-12T04:10:15Z,NULL,MapTechnicalForecasting,4,iOS,$BTC.X $ETH.X  I tried to warn...
971,471158687,2022-07-12T04:07:52Z,NULL,MapTechnicalForecasting,0,iOS,$BTC.X $ETH.X...
972,471158216,2022-07-12T04:00:56Z,NULL,Iisgroot,1,iOS,"$ETH.X don‚Äôt worry guys, we al..."
973,471157703,2022-07-12T03:53:20Z,NULL,TraderDude69,3,iOS,$BTC.X $ETH.X total scammers p...
974,471157003,2022-07-12T03:43:03Z,NULL,Buy_or_Bust,0,iOS,$ETH.X Has to bounce here or i...
975,471156878,2022-07-12T03:41:36Z,Bearish,TimHortons,1,iOS,$ETH.X 80 plz...
976,471156793,2022-07-12T03:40:33Z,Bullish,0x5269636f,0,Web,$ETH.X ETH.X...
977,471156712,2022-07-12T03:39:31Z,NULL,grady626,5,iOS,$DOGE.X can‚Äôt spell crypto wit...
978,471156212,2022-07-12T03:33:40Z,Bullish,Guap_,0,Web,$ETH.X Looks like we are testi...
979,471155965,2022-07-12T03:31:04Z,NULL,ElpesCOZON,0,iOS,$ETH.X I smell the 800...
980,471155715,2022-07-12T03:27:39Z,NULL,GrimStonk737,0,iOS,$DOGE.X $BTC.X $ETH.X this guy...
981,471155527,2022-07-12T03:25:34Z,Bullish,AbimaelP,1,iOS,$ETH.X  Do you think the story...
982,471155456,2022-07-12T03:24:37Z,Bullish,ebonyholder,1,Web,$ETH.X  this is gonna rip tomo...
983,471155320,2022-07-12T03:23:02Z,NULL,TimePhysician,0,Web,$ETH.X how is this trading aft...
984,471155307,2022-07-12T03:22:53Z,NULL,wavw,0,iOS,$ETH.X wait for single digit...
985,471155157,2022-07-12T03:21:12Z,NULL,bighaas,2,iOS,$ETH.X tons of support at 0$...
986,471154613,2022-07-12T03:13:59Z,NULL,MADMAX3000,0,,$ETH.X  Does Ethereum provide ...
987,471154582,2022-07-12T03:13:37Z,NULL,GeneralX90,0,iOS,$ETH.X the bulls here are more...
988,471154550,2022-07-12T03:13:06Z,NULL,scarlettshapcott,0,Web,$ETH.X ...........
989,471154236,2022-07-12T03:09:27Z,Bullish,keirabain,1,Web,$ETH.X new lows soon.............
990,471154205,2022-07-12T03:09:08Z,Bearish,TraderDude69,14,iOS,$SOL.X $BTC.X $ETH.X $ADA.X üëãüìâ...
991,471153971,2022-07-12T03:06:29Z,Bullish,keirabain,0,Web,$ETH.X I will buy back shares ...
992,471153929,2022-07-12T03:05:56Z,NULL,Bearswin2,0,,$ETH.X needs 600...
993,471153585,2022-07-12T03:02:04Z,Bullish,keirabain,0,Web,$ETH.X the battle for 20k .. a...
994,471153566,2022-07-12T03:01:53Z,Bearish,TheAnxiousJourney,2,,"$BTC.X $ETH.X $DOGE.X 

CNBC: ..."
995,471153131,2022-07-12T02:57:22Z,NULL,Judy11,0,iOS,$ETH.X omg üò≥...
996,471152903,2022-07-12T02:54:44Z,NULL,Jabba_Hutt,1,iOS,$ETH.X another 50% haircut inc...
997,471152557,2022-07-12T02:51:06Z,Bullish,GrimStonk737,2,iOS,$BTC.X $ETH.X this dip is poss...
998,471152519,2022-07-12T02:50:35Z,NULL,timmydoesbigg,0,,$ETH.X just added to my eth st...
999,471151854,2022-07-12T02:43:21Z,NULL,DeFi_Wookie,1,iOS,$BTC.X $QQQ $ETH.X $AAPL $MSFT...
